品牌,商场名,地址,开店日期
永辉,宁波市 宁波新城吾悦广场店,浙江省宁波市镇海区望海南路与永茂西路交叉口吾悦广场负一层（永辉超市）,2017-11-24
永辉,平顶山市 平顶山万达广场店,河南省平顶山市卫东区建设路,2017-11-24
永辉,眉山市 中铁仁禾广场店,四川省眉山市仁寿县文林镇仁寿大道二段13号中铁仁禾广场13栋负一楼498-502号,2017-11-22
永辉,西安市 高新店,陕西省西安市高新区木塔寨西路719号万达广场负一层,2017-11-18
永辉,六安市 海心沙店,安徽省六安市金安区梅山北路与华山路交口海心沙广场,2017-11-18
永辉,南昌市 铜锣湾广场店,南昌市红谷滩新区丰和中大道与庐山南大道交汇口东北角,2017-11-17
永辉,铜陵市 铜陵万达店,安徽省铜陵市郊区石城大道中段,2017-11-10
永辉,江津区 江津双福店,重庆市江津区双福新区津马大道（双福管委会旁）,2017-11-03
永辉,合肥市 保利广场店,合肥市瑶海区新安江路和郎溪路交口保利广场负一楼,2017-11-03
永辉,南京市 金盛田广场店,江苏省南京市浦口区龙华路与浦口大道交汇处金盛田广场,2017-10-28
永辉,九龙坡区 龙湖新壹城店,重庆市九龙坡区大杨石组团H分区龙湖新壹城,2017-10-28
永辉,杭州市 金渡北路店,浙江省杭州市古墩路与金渡北路交汇处oopcity,2017-10-28
永辉,綦江县 綦江万达店,重庆市綦江区文龙街道办事处通惠大道二号桥左侧100米（滨河大道）,2017-10-27
永辉,合肥市 包河万达店,安徽省合肥市包河区马鞍山路130号,2017-10-27
永辉,杭州市 地铁东城广场店,浙江省杭州市江干区九沙大道399号二层西侧L268,2017-10-27
永辉,绍兴市 嵊州新城吾悦广场店,浙江省绍兴市嵊州市三江街道兴盛街666号B1001-1号,2017-10-27
永辉,合肥市 融侨悦城店,安徽省合肥市庐阳区阜阳北路融侨悦城,2017-10-27
永辉,宜宾市 江安南屏首座店,四川省宜宾市江安县南屏首座负一楼,2017-10-25
永辉,大同市 大同万达店,山西省大同市南环路与永和路交汇处东北角万达广场永辉超市,2017-10-20
永辉,资阳市 安岳中央时代广场店,四川省资阳市安岳县柠都大道与秦九韶路交汇处东北角,2017-10-18
永辉,遵义市 潞源广场店,贵州省遵义市绥阳县洋川镇红旗西路潞源广场,2017-10-06
永辉,平顶山市 平顶山文化宫店,河南省平顶山市体育路锦绣街交叉口,2017-10-01
永辉,福州市 世欧广场店,福建省福州市晋安区象园街道晋连路19号世欧广场南区负一楼,2017-10-01
永辉,郑州市 荥阳国泰路店,河南省郑州荥阳市国泰路与惠民路交汇处东南角,2017-10-01
永辉,漳州市 万科里店,福建省漳州市芗城区金峰南路101号万科里一层,2017-09-30
永辉,深圳市 乐汇城店,广东省深圳市龙岗区坂田街道吉华路999号乐汇城2楼,2017-09-30
永辉,嘉兴市 银泰百货店,浙江省嘉兴市嘉善县嘉善大道399号永辉超市负一层,2017-09-30
永辉,泉州市 百捷中央公园店,福建省泉州晋江市池店镇泉州大桥南片区百捷上悦城永辉超市,2017-09-30
永辉,深圳市 福田星河店,广东省深圳市福田区福华三路福田星河COCO Park商场负一层,2017-09-30
永辉,泰州市 泰州万达广场店,江苏省泰州市海陵区济川东路228号泰州万达广场,2017-09-28
永辉,邢台市 中北新世纪广场店,河北省邢台市桥东区中兴东大街与新华路交口东北侧,2017-09-27
永辉,襄阳市 民发广场店,湖北省襄阳市航空路与汉津路交叉口,2017-09-23
永辉,南充市 西充财富天街店,四川省南充市西充县城北新区诚信大道148号,2017-09-23
永辉,成都市 成都上古天地店,四川省成都市成华区龙潭路33号,2017-09-23
永辉,杭州市 龙湖滨江天街店,浙江省杭州市滨江区江汉路1515号龙湖天街负一楼永辉超市,2017-09-23
永辉,贵阳市 云开国际店,贵州省开阳县开州大道（云开南路）云开国际,2017-09-22
永辉,沙坪坝区 龙湖大学城店,重庆市沙坪坝区大学城北路龙湖U城天街2期,2017-09-16
永辉,马鞍山市 金色新天地店,安徽省马鞍山市花山区湖南东路与江东大道交汇处,2017-09-15
永辉,惠州市 星河COCO Garden店,广东省惠州市惠阳区淡水星河东七路1号星河Cocogarden一层永辉超市,2017-09-09
永辉,长春市 车城万达店,吉林省长春市汽开区腾飞大路与西湖大路交口西北角,2017-09-08
永辉,开封市 万博广场店,河南省开封市中山路与西门大街交汇处,2017-09-01
永辉,镇江市 镇江吾悦广场店,江苏省镇江市丁卯桥路223号新城吾悦广场,2017-08-25
永辉,达州市 渠县地旺广场店,四川省达州市渠县渠江镇后溪社区西岩路地旺广场,2017-08-23
永辉,通州区 台湖泰禾店,北京市通州区台湖镇“泰禾时代中心”负一层,2017-08-18
永辉,杭州市 大关路店,浙江省杭州市拱墅区小河街道丽水路58号乐堤汇商业中心地下一楼永辉超市,2017-08-17
永辉,绍兴市 诸暨万达广场店,浙江省诸暨市浣东街道高湖东路69号万达广场1号门永辉超市,2017-08-11
永辉,宁德市 宝信城市广场店,福建省宁德市蕉城区天湖路2号宝信广场钻石坊负一层,2017-08-10
永辉,咸阳市 玉泉路店,陕西省咸阳市秦都区玉泉路9号丽彩潮流港负一层,2017-08-10
永辉,邯郸市 隆基泰和店,河北省邯郸市邯山区学院北路与浴新南大街交汇处东北侧,2017-08-08
永辉,东莞市 G1蜂汇广场店,广东省东莞市南城街道袁屋边社区宏二路1号蜂汇广场永辉超市,2017-07-29
永辉,长春市 红旗街万达广场店,吉林省长春市朝阳区红旗街万达广场负一层永辉超市,2017-07-28
永辉,长春市 吾悦广场店,吉林省长春市皓月大路与正阳街交汇新城吾悦广场负一层,2017-07-28
永辉,南京市 高淳悦达广场店,江苏省南京市高淳区镇兴路138号悦达广场2楼,2017-07-27
永辉,苏州市 常熟万达广场店,江苏省常熟市珠海路8号万达广场2F-A永辉超市,2017-07-22
永辉,杭州市 临平万宝城店,浙江省杭州市余杭区临平街道北沙西路荷禹路西南角,2017-07-21
永辉,绍兴市 汇金广场店,浙江省浙江省绍兴市越城区解放北路211号负一层永辉超市,2017-07-15
永辉,苏州市 昆山万达店,江苏省昆山市青阳北路218号万达广场二楼永辉超市,2017-07-08
永辉,江北区 龙湖新壹街店,重庆市江北区红旗河沟龙湖新壹街B馆B1层,2017-07-01
永辉,哈尔滨市 哈尔滨市万达城店,黑龙江省哈尔滨市松北区世茂大道99号,2017-06-30
永辉,焦作市 焦作万达广场店,河南省焦作市丰收路与民主南路交汇处,2017-06-30
永辉,盐城市 盐城万达店,江苏省盐城市盐都区潘黄街道88号万达广场1号门2楼,2017-06-29
永辉,南昌市 南昌西湖万达店,江西省南昌市云锦路368号西湖万达广场2F,2017-06-23
永辉,德阳市 什邡天耀中心店,四川省什邡市亭江东路蓝剑天耀中心商业广场,2017-06-22
永辉,西安市 公园南路店,陕西省西安市雁塔区西影路与公园南路十字西北角金业缇香山内,2017-06-20
永辉,衢州市 衢州新城吾悦广场店,浙江省衢州市柯城区白云中大道99号新城吾悦广场负一楼,2017-06-16
永辉,江北区 龙湖源著天街店,重庆市江北区大石坝组团B分区B3-4地块龙湖源著天街,2017-06-16
永辉,芜湖市 芜湖银泰城店,芜湖市弋江区利民西路189号芜湖银泰城,2017-06-09
永辉,嘉兴市 桐乡新城吾悦广场店,浙江省嘉兴市桐乡市梧桐街道振兴东路439号,2017-05-26
永辉,成都市 郫县时代豪廷店,四川省成都市郫县望丛中路时代豪廷广场,2017-05-20
永辉,福州市 马尾中环广场店,福建省福州市马尾区马江园区罗星路西北侧马尾中环广场负一层（自贸试验区内）,2017-04-30
永辉,台州市 星光耀广场店,浙江省台州市路桥区腾达路527号（星光耀广场二楼2-236号）,2017-04-28
永辉,嘉兴市 旭辉广场店,浙江省嘉兴市南湖区中山东路666号,2017-03-30
永辉,闵行区 吴泾嘉怡水岸店,上海市闵行区龙吴路5859-5891号,2017-02-24
永辉,大兴区 康庄天健广场店,北京大兴区枣园路与兴盛街交叉口西侧270米路南,2017-01-25
永辉,达州市 宣汉巴人广场店,四川省达州市宣汉县石岭大道与巴人大道交汇处,2017-01-21
永辉,泉州市 惠安禹洲店,福建省泉州市惠安县世纪大道禹洲城市广场,2017-01-20
永辉,绵阳市 绵阳乐荟城店,四川省绵阳市科创园区剑南路西段323号,2017-01-18
永辉,闵行区 碧江广场店,上海市闵行区鹤庆路老闵行碧江广场,2017-01-18
永辉,朝阳区 望京西路店,北京市朝阳区望京西路与湖光中街交叉口向南200米路西,2017-01-18
永辉,达州市 达州达川店,四川省达州市达川区二号干道升华广场,2017-01-18
永辉,漳州市 万豪天悦广场店,福建省漳州市长泰县武安镇人民西路（人和北路）万豪天悦广场,2017-01-18
永辉,宁波市 宁波江北万达店,浙江省宁波市江北区的万达广场购物中心,2017-01-17
永辉,福州市 金辉淮安半岛店,福建省福州市仓山区淮安路8号D3商业楼一层,2017-01-16
永辉,太原市 并州路店,山西省太原市并州路48号,2017-01-13
永辉,南昌市 新建中心店,江西省南昌市新建区长征西路南侧，长麦路西侧新建中心商业A#1号楼一、二层,2017-01-13
永辉,大庆市 大庆毅腾店,黑龙江省大庆市萨尔图区经六街与纬五路交口东南角,2017-01-12
永辉,芜湖市 悦达广场店,安徽省芜湖市芜湖县芜湖路与湾石路交叉口芜湖悦达广场（县政府或市民中心对面）,2017-01-12
永辉,黔南州 剑江中路店,贵州省都匀市斗篷山路（天乐路）普罗旺斯,2017-01-10
永辉,盐城市 新纪元广场店,江苏省盐城市开放大道（黄海路）新纪元广场,2017-01-06
永辉,渭南市 仓程路店,陕西省渭南市临渭区仓程路中段新洲华盛购物中心负一层,2017-01-02
永辉,合肥市 天鹅湖万达店,安徽省合肥市政务区高河西路与怀宁路交口天鹅湖万达负一层永辉超市,2017-01-01
永辉,苏州市 昆山弥敦城店,江苏省苏州市昆山市长江路与衡山路交汇处向西100米,2017-01-01
永辉,铜仁地区 思唐财富广场店,贵州省思南县城北大道思丰财富广场,2017-01-01
永辉,六安市 六安万达店,安徽省六安市皋城路与球拍东路交口（六安万达）,2016-12-31
永辉,三明市 三明万达店,福建省三明市三明万达广场购物中心,2016-12-30
永辉,苏州市 吴江新城吾悦广场店,江苏省苏州市吴中区开平路新城吾悦广场负一楼永辉超市,2016-12-30
永辉,渝北区 喜悦汇店,重庆市渝北区两路组团G分区G40-5/01部分地块,2016-12-28
永辉,广安市 融恒时代广场店,四川省广安武胜县沿口镇兴武大道399号融恒时代广场,2016-12-28
永辉,定州市 定州店,河北省定州市中山中路建设街大世界购物中心负一层永辉超市,2016-12-25
永辉,杭州市 滨江宝龙城市广场店,浙江省杭州市滨江区江南大道与火炬大道交叉口宝龙城2F永辉超市,2016-12-24
永辉,武清区 武清大光明店,天津市武清开发区大光明中心,2016-12-24
永辉,深圳市 沙井市民广场店,广东省深圳市宝安区沙井中心路与创新路交汇处沙井市民中心广场形色城,2016-12-24
永辉,许昌市 长社路店,河南省长葛市长社路与建设路宇龙商业广场,2016-12-24
永辉,丰台区 丰科万达店,北京市丰台区丰科路与五圈路交叉口,2016-12-22
永辉,丰台区 槐房万达广场店,北京市丰台区槐房南路6号院万达广场购物中心B1F-B,2016-12-22
永辉,东丽区 SM广场店,天津市空港经济区环河北路168号,2016-12-17
永辉,闵行区 龙湖虹桥天街店,上海市闵行区申滨南路甬虹路龙湖虹桥天街B2层永辉超市,2016-12-17
永辉,扬州市 扬州宝龙店,江苏省扬州市维扬路27号宝龙城市广场永辉超市,2016-12-17
永辉,眉山市 眉山追梦城店,四川省成都市眉山市东坡区下西街与纱e行交叉口东北侧,2016-12-16
永辉,合肥市 中信悦方店,安徽省合肥市紫云路与庐州大道交口,2016-12-16
永辉,福州市 南屿马保店,福建省福州市闽侯县浦上大道与乌龙江大道交汇处西北侧 上街镇新马保路18号,2016-12-16
永辉,西安市 丰禾路店,陕西省西安市莲湖区丰禾路北侧鑫苑大都汇,2016-12-16
永辉,南京市 夫子庙店,江苏省南京市秦淮区中华路健康路交汇茂业天地,2016-12-09
永辉,成都市 天府欧城店,四川省成都市青白江区同华大道,2016-12-09
永辉,温州市 瓯海大道银泰店,温州市瓯海区瓯海大道景屿路西南角,2016-12-03
永辉,宿州市,安徽省宿州市拂晓大道与银河三路交口,2016-12-02
永辉,石柱县 康德中央大街店,重庆市石柱县民族体育场地块,2016-11-28
永辉,合肥市 加侨国际广场店,安徽省合肥市包河区南二环与包河大道交汇处,2016-11-26
永辉,绍兴市 上虞万达广场店,浙江省绍兴市上虞区高铁新城称山北路399号,2016-11-25
永辉,泉州市 泉港永嘉店,福建省泉州市泉港区南山中路（中兴街）永嘉天地,2016-11-10
永辉,南京市 禧樾广场店,江苏省南京市江宁区天元西路与静淮街交汇处禧樾广场,2016-11-05
永辉,杭州市 学府宝龙店,浙江省杭州市江干区下沙25号大街与2号大街交叉口宝龙城市广场2期负一层,2016-10-29
永辉,渝北区 爱琴海店,重庆市渝北区金开大道1003号,2016-10-22
永辉,三门峡市 三门峡万达广场店,河南省三门峡市大岭路与和平西路交汇处三门峡万达广场,2016-10-21
永辉,厦门市 杏林万科店,福建省厦门市集美区杏滨路（杏东路口）万科金域华府,2016-10-15
永辉,杭州市 登云店,浙江省杭州市拱墅区小河路登云路东北角,2016-10-12
永辉,黔西南州 兴义店,贵州省黔西南州兴义市坪东路与崇文街交汇处,2016-10-01
永辉,嘉定区 嘉定宝龙店,上海市嘉定工业区天祝路（宝塔路）宝龙城市广场,2016-10-01
永辉,南岸区 桃源路店,重庆市南岸区桃源路158号美全世纪城,2016-10-01
永辉,开封市 黄河大街店,河南省开封市黄河大街（金耀路）中原明珠广场,2016-09-30
永辉,西安市 西长安街店,陕西省西安市长安区西长安街（府东一路）长安商贸中心,2016-09-28
永辉,合肥市 万达文旅城店,安徽省合肥市南宁路与泸州大道交口,2016-09-24
永辉,厦门市 五缘湾店,福建省厦门市湖里区日圆五里建发湾悦城,2016-09-10
永辉,合肥市 瑶海万达店,安徽省合肥市瑶海区临泉东路与和县路交口,2016-09-09
永辉,绵阳市 梓潼德诚时代广场店,四川省绵阳市梓潼县文昌镇崇文街,2016-09-03
永辉,昌平区 万科金域国际店,北京市昌平区回龙观村金域国际中心,2016-09-02
永辉,泸州市 泸州万象汇店,四川省泸州市江阳区康城路一段1号泸州华润万象汇B112、LG216号,2016-08-28
永辉,深圳市 卓悦汇购物中心店,广东省深圳市福田区中康路126号卓悦汇购物中心B2-超市,2016-08-26
永辉,邢台市 锦鼎国际店,河北省邢台市桥西区守敬路（拥军街）锦鼎国际广场,2016-08-26
永辉,贵阳市 中铁国际店,贵州省贵阳市南明区太慈桥青山路中铁国际水岸广场,2016-08-25
永辉,成都市 三三九广场店,四川省成都市猛追湾街94号四川广播电视塔影视文化广场(“成都339”),2016-08-24
永辉,福州市 滨江金榕店,福建省福州市仓山区金榕北路22号,2016-08-13
永辉,淮北市 国购广场店,安徽省淮北市相山区长山路（桓潭路）国购广场,2016-08-05
永辉,渝中区 龙湖时代天街店,重庆市渝中区长江二路174号龙湖时代天街,2016-07-21
永辉,松原市 镜湖公园店,吉林省松原市宁江区镜湖路与镜湖中路交汇处镜湖公园,2016-07-20
永辉,成都市 简阳雄州大道店,四川省成都市简阳雄州大道南段与简州大桥交汇处,2016-07-16
永辉,厦门市 同安现代城店,福建省厦门市同安区同集北路（梧侣路）新景舜弘现代城,2016-07-13
永辉,成都市 锦江城市花园店,四川省成都市锦江区香樟大道（海棠路）锦江城市花园,2016-07-01
永辉,嘉定区 嘉定大融城店,上海市嘉定区宝安公路裕民南路路口大融城,2016-06-30
永辉,常州市 青枫公园宝龙店,江苏省常州市钟楼区青枫公园南侧宝龙城市广场C区5号楼1F-091，2F-001-4,2016-06-24
永辉,杭州市 杭新店,浙江省杭州市西湖区转塘街道杭新路与320国道交叉口金街美地1号楼,2016-06-18
永辉,贵阳市 花果园店,贵州省贵阳市南明区花果园大街1号花果园项目F区,2016-06-18
永辉,深圳市 南山茂业店,深圳市南山区粤海街道海德二路茂业时代广场裙楼负一层,2016-05-31
永辉,成都市 华地财富广场店,四川省成都市金堂县赵镇滨江路二段金堂华地财富广场,2016-05-31
永辉,大兴区 旧宫万科店,北京市大兴区旧宫东路与旧宫北路交叉口东南角,2016-05-01
永辉,成都市 上风港时代广场店,四川省成都市武侯区金履路（金凤街）上风港时代广场,2016-04-30
永辉,成都市 蜀都万达店,四川省成都市郫县蜀都万达广场,2016-04-29
永辉,滨海新区 大港店,天津市大港区东环路271号,2016-03-02
永辉,南开区 熙悦汇购物中心店,天津市南开区黄河道（密云路）熙悦汇购物中心,2016-01-31
永辉,安阳市 林州太行路店,河南省林州市太行路（向阳街）京新购物广场,2016-01-30
永辉,永川区 永川协信店,重庆市永川区兴龙大道协信中心,2016-01-30
永辉,江北区 永辉生活广场店,重庆市江北区南桥寺转盘,2016-01-28
永辉,松江区 亚乐城店,上海市松江区莘松路1266号亚乐城,2016-01-27
永辉,深圳市 平湖店,广东省深圳市龙岗区平湖镇凤凰大道132号,2016-01-27
永辉,成都市 西单店,四川省成都市青羊区苏坡东路12号西单商场,2016-01-27
永辉,九龙坡区 渝州路店,重庆市九龙坡区渝州路79号石桥style广场,2016-01-22
永辉,安阳市 林州人民广场店,河南省安阳林州市永安街（政东路）人民广场,2016-01-22
永辉,贵阳市 新添大道店,贵州省贵阳市乌当区新添大道国际公馆路1号,2016-01-22
永辉,南平市 兴华路店,福建省南平市浦城县兴华路888号,2016-01-19
永辉,黄山市 黄山屯溪店,安徽省黄山市屯光大道（天都大道）天盈财富广场,2016-01-18
永辉,渝中区 大坪协信店,重庆市渝中区大坪经纬大道协信星光天地,2016-01-15
永辉,九龙坡区 白市驿店,重庆市九龙坡区白市驿镇白欣路23号西城金街购物广场,2016-01-01
永辉,河西区 凯德天津湾店,天津市河西区南北大街1号,2015-12-31
永辉,房山区 绿地缤纷城店,北京市房山区拱辰街道天星街1号院7号楼,2015-12-31
永辉,福州市 东二环泰禾店,福建省福州市晋安区岳峰镇竹屿路6号东二环泰禾城市广场负一楼,2015-12-30
永辉,洛阳市 人民路店,河南省洛阳市伊川县杜康大道(人民东路)欧美商城,2015-12-29
永辉,德阳市 中山大道店,四川省德阳广汉市中山大道南一段169号,2015-12-27
永辉,杭州市 萧山宝龙店,浙江省杭州市萧山区建设一路（金鸡路）宝龙城市广场,2015-12-25
永辉,广州市 南沙万达店,广东省广州市南沙区南沙街环市大道（双山大道）万达广场,2015-12-22
永辉,莆田市 正荣财富中心店,福建省莆田市城厢区荔园东大道正荣财富中心,2015-12-18
永辉,苏州市 吴中万达店,江苏省苏州市吴中区石湖西路万达广场,2015-12-11
永辉,渝北区 水木天地店,重庆市渝北区双湖路一碗水水木天地都会广场,2015-12-10
永辉,郑州市 三全路店,河南省郑州市惠济区三全路(长兴路)裕华广场,2015-11-27
永辉,西安市 阳光天地店,陕西省西安市高新区新型工业园区信息大道一号阳光天地购物中心,2015-11-20
永辉,莆田市 馨宜新天地店,福建省莆田市荔城区东圳路（西洪路）馨宜新天地,2015-11-10
永辉,东莞市 厚街万达店,广东省东莞市厚街镇康乐北路6号万达广场,2015-11-06
永辉,巴南区 巴南万达店,重庆市巴南区龙洲大道5号巴南万达广场,2015-10-30
永辉,成都市 金楠天街店,四川省成都市武侯区晋阳路晋吉西街188号龙湖金楠天街购物广场,2015-10-23
永辉,成都市 银泰城店,四川省成都市高新区天府四街（益州大道）成都银泰城,2015-10-17
永辉,大渡口区 中交丽景店,重庆市大渡口区双龙路中交丽景,2015-10-15
永辉,佳木斯市 解放路店,黑龙江省佳木斯市向阳区得祥街（解放路）利达国际购物中心,2015-10-01
永辉,太原市 太原万达店,山西省太原市杏花岭区解放路（北大街）万达广场,2015-09-30
永辉,成都市 海伦国际店,四川省成都市新都区电子路172号海伦国际,2015-09-29
永辉,福州市 奥体中心广场店,福建省福州市仓山区福湾斗门福州市海峡奥体中心商业广场,2015-09-26
永辉,镇江市 谷阳大道宝龙店,江苏省镇江市丹徒区谷阳大道（金谷东路）宝龙城市广场,2015-09-26
永辉,泉州市 石狮泰禾广场店,福建省石狮市宝岛中路泰禾广场,2015-09-26
永辉,福州市 闽江世纪金源店,福建省福州市仓山区林浦路闽江世纪金源购物中心,2015-09-20
永辉,福州市 爱琴海购物中心店,福建省福州市仓山区浦上大道（闽江大道）爱琴海购物公园,2015-09-19
永辉,通州区 世界村店,北京市通州区马驹桥镇世界村,2015-09-18
永辉,镇江市 东方伟业广场店,江苏省镇江市润州区中山北路1号东方伟业广场,2015-09-05
永辉,淮南市 凤台西城河公园店,安徽省淮南市凤台县青年北路西城河公园金汇广场,2015-09-05
永辉,阜阳市 淮河路店,安徽省阜阳市颍州区淮河路（颍州南路）万达广场,2015-08-29
永辉,杨浦区 隆昌店,上海市杨浦区隆昌路（长阳路）七巧国,2015-08-28
永辉,成都市 金都汇店,四川省崇州市蜀州中路（学府街）金都汇,2015-08-28
永辉,池州市 东流大道店,安徽省池州市东至县东流大道东至新天地,2015-08-26
永辉,西安市 曲江龙湖店,陕西省西安市曲江路167号龙湖星悦荟,2015-08-19
永辉,齐齐哈尔市 建华万达店,黑龙江省齐齐哈尔市建华区新江路（引水街）万达广场,2015-08-01
永辉,成都市 皇冠国际社区店,四川省成都市龙泉驿区北京路（北泉路）皇冠国际社区,2015-08-01
永辉,安阳市 安阳万达广场店,河南省安阳市文峰区中华路（文明大道路口)安阳万达广场,2015-07-25
永辉,金山区 金山万达广场店,上海市金山区松卫南路（龙航路）金山万达广场,2015-07-17
永辉,莆田市 天博广场店,福建省莆田市仙游县鲤南区温泉东路（柳安街）天博广场,2015-07-03
永辉,朝阳区 金泉广场店,北京市朝阳区大屯里318号楼,2015-06-26
永辉,内江市 内江万达店,四川省内江市东兴区汉安大道北侧万达广场,2015-06-25
永辉,营口市 站前万达店,辽宁省营口市站前区渤海大街(市府路)万达广场,2015-06-19
永辉,广元市 广元万达店,四川省广元市利州区利州东路广元万达广场,2015-06-05
永辉,福州市 名城城市广场店,福建省福州市马尾区快安名城城市广场,2015-05-29
永辉,九龙坡区 华福金科店,重庆市九龙坡区华福路北段18号金科阳光小镇,2015-05-20
永辉,北碚区 双元大道店,重庆市北碚区双元大道海宇中央鑫都,2015-05-13
永辉,房山区 长阳半岛店,北京市房山区长阳起步区5号中粮万科长阳半岛,2015-04-26
永辉,宝山区 长江国际店,上海市宝山区殷高西路333号长江国际商业购物中心,2015-04-24
永辉,顺义区 后沙峪店,北京市顺义区后沙峪镇双裕街45号,2015-04-11
永辉,合肥市 肥东星光店,安徽省合肥市肥东县塘杨路(人民路口）星光国际广场,2015-02-08
永辉,广安市 滨河路店,四川省广安市滨河路一段广安国际商业中心,2015-02-05
永辉,昌平区 温都水城店,北京市昌平区北七家镇郑各庄温都水城文化广场,2015-01-30
永辉,福州市 天嘉店,福建省福州市鼓楼区天泉路天嘉小区北侧生活配套广场一层7号,2015-01-29
永辉,黔南州 独山店,贵州省黔南布依族苗族自治州独山县城关镇南通北路盛源国际商住小区,2015-01-29
永辉,宜宾市 福临大道店,四川省宜宾市南溪县文化路西段（南一中后门旁）,2015-01-29
永辉,嘉兴市 海昌路店,浙江省嘉兴市海宁海昌路（新苑路）海宁银泰城,2015-01-28
永辉,成都市 凯德沙湾店,四川省成都市金牛区二环路北一段10号凯德广场,2015-01-23
永辉,龙岩市 龙岩万宝广场店,福建省龙岩市新罗区龙岩大道388号,2015-01-17
永辉,无锡市 长江路店,江苏省无锡市长江路(旺庄路)茂业百货,2015-01-15
永辉,南充市 英伦城邦店,四川省南充市顺庆区望天坝英伦城邦,2015-01-08
永辉,石景山区 喜隆多店,北京市石景山区阜石路300号喜隆多购物中心,2014-12-30
永辉,贵阳市 新世界花园店,贵州省贵阳市金阳新区金西北路新世界花园,2014-12-30
永辉,漳州市 翠峰广场店,福建省漳州市云霄县将军大道(陈政路口)翠峰广场,2014-12-27
永辉,西安市 南关正街店,陕西省西安市碑林区南关正街(友谊路)中贸广场,2014-12-27
永辉,合川区 合川宝龙店,重庆市合川区城北大道(北环路)宝龙城市广场,2014-12-27
永辉,南川区 渝南大道店,重庆市南川区西城街道,2014-12-27
永辉,衡水市 安平店,河北省衡水市安平县育才路(为民街)瑞泰广场,2014-12-27
永辉,沈阳市 汪河路店,辽宁省沈阳市于洪新城汪河路115号碧桂园.银河城,2014-12-27
永辉,郑州市 北环路店,河南省郑州市北环路(文化路)瀚海北金负一楼,2014-12-24
永辉,沙坪坝区 龙湖仟百汇店,重庆市沙坪坝区大学城北路50号龙湖仟百汇,2014-12-20
永辉,大兴区 鸿坤理想城店,北京市大兴区西红门宏福路(欣旺大街)鸿坤理想城,2014-12-20
永辉,西安市 曲江池东路店,陕西省西安市曲江新区曲江池东路（曲江池北路）,2014-12-20
永辉,石家庄市 平山店,河北省石家庄市平山县冶河东路(平光大街),2014-12-20
永辉,朝阳区 龙湖长楹天街店,北京市朝阳区朝阳北路(管庄路口)龙湖长楹天街,2014-12-20
永辉,成都市 凯德天府店,四川省成都市天仁路388号凯德天府中心,2014-12-12
永辉,温州市 平阳万达店,浙江省温州市平阳县鳌江镇江滨中央商务区平阳万达广场,2014-12-06
永辉,福州市 福清万达店,福建省福清市清宏路镇万达广场,2014-12-05
永辉,绍兴市 金帝银泰城店,浙江省绍兴市解放南路银泰城负一层,2014-12-05
永辉,淮南市 朝阳中路店,安徽省淮南市田家庵区朝阳中路40号新世界生活休闲广场负一楼,2014-12-03
永辉,通州区 通州万达店,北京市通州区永顺镇北苑商务区万达广场,2014-11-29
永辉,江北区 国奥村店,重庆市江北区北滨路国奥村,2014-11-27
永辉,长春市 临河街店,吉林省长春市净月区南环城路（临河街）力旺塞歌维亚,2014-11-26
永辉,龙岩市 龙岩万达店,福建省龙岩市新罗区双龙路1号龙岩万达广场,2014-11-07
永辉,福州市 红星苑店,福建省福州市台江区鳌峰路10号（连江中路口）鳌峰广场,2014-11-06
永辉,石家庄市 怀特店,河北省石家庄市槐安路(富强大街)怀特商业广场,2014-11-01
永辉,盐城市 中南城店,江苏省盐城市解放南路中南城购物中心,2014-10-31
永辉,唐山市 遵化店,河北省遵化市文礼西街(华明北路口)开元国际,2014-10-30
永辉,南充市 嘉南路店,四川省南充市嘉陵区嘉南路三段1号金宇盛世天城,2014-10-28
永辉,南平市 邵武恒华店,福建省邵武市城南大道恒华财富天下,2014-10-28
永辉,成都市 汇龙湾店,四川省成都市金牛区沙湾路1号汇龙湾广场,2014-09-29
永辉,南岸区 茶园金科店,重庆市南岸区茶园新区金科世界城,2014-09-29
永辉,深圳市 深圳沙井店,广东省深圳市宝安区沙井街道西环路(新沙路),2014-09-27
永辉,成都市 时代天街店,四川省成都市高新区西部园区龙湖时代天街,2014-09-25
永辉,马鞍山市 马鞍山万达店,安徽省马鞍山市雨山区太白大道(钟山路口)万达广场,2014-09-19
永辉,东莞市 东城万达店,广东省东莞市东城区东纵路(东城中路口)万达广场,2014-09-12
永辉,石家庄市 东胜店,河北省石家庄市中山东路(谈固西街)东胜商业广场,2014-09-06
永辉,渝北区 泰山大道店,重庆市北部新区泰山大道东段62号动力时光购物中心,2014-09-05
永辉,沈阳市 重工街店,辽宁省沈阳市铁西区重工南街与南十西路口(工人新村),2014-08-22
永辉,常州市 武进万达店,江苏省常州市武进区花园街(聚湖路)武进万达广场,2014-08-08
永辉,合肥市 北城购物中心店,安徽省合肥市蒙城北路(双墩路)世纪金源北城购物中心二期,2014-07-31
永辉,成都市 海滨城购物中心店,四川省成都市蛟龙工业港双流园区海滨城购物中心,2014-06-30
永辉,漳州市 裕德源广场店,福建省漳州市南靖县杉行街(大众路)裕德源广场,2014-06-30
永辉,南岸区 崇文店,重庆市南岸区崇文小区,2014-06-30
永辉,江津区 江洲大道店,重庆市江津区元帅大道建宇爱上,2014-06-30
永辉,合肥市 贵池路店,安徽省合肥市蜀山区东至路(贵池路口),2014-06-28
永辉,泉州市 中骏世界城店,福建省泉州市丰泽区安吉路(通源街)交汇处,2014-05-31
永辉,松江区 松江万达店,上海市松江区广富林路658弄万达广场,2014-05-30
永辉,无锡市 清扬路店,江苏省无锡市南长区清扬路128号(清名路口)茂业百货,2014-05-15
永辉,酉阳县 碧津广场店,重庆市酉阳县钟多镇桃花源中路,2014-05-09
永辉,成都市 青羊广场店,四川省成都市光华大道(光华北三路口)青羊光华购物中心,2014-04-25
永辉,黄浦区 鲁班路店,上海市黄浦区鲁班路619号汇巧活广场,2014-01-01
永辉,张家口市 容辰广场店,河北省张家口市桥东区胜利北路容辰广场,2013-12-31
永辉,石家庄市 财富大厦店,河北省石家庄市长安区广安大街(谈北路口)财富大厦,2013-12-31
永辉,福州市 金源滨海新城店,福建省福州市罗源县罗源湾开发区松岐路1号,2013-12-28
永辉,宝山区 通河路店,上海市宝山区张庙街道通河路(呼玛路)红太阳商业广场,2013-12-28
永辉,漳州市 平宁路店,福建省龙海市紫葳路(平宁路)建发美一城广场,2013-12-28
永辉,南京市 江宁万达店,江苏省南京市江宁区上元大街(竹山路)万达广场,2013-12-21
永辉,西安市 唐延路店,陕西省西安市莲湖区唐延路168号,2013-12-20
永辉,宁德市 太康店,福建省宁德市霞浦县太康路九龙街商业广场负一层,2013-12-20
永辉,成都市 北城天街店,四川省成都市金牛区五块石路一号龙湖北城天街广场,2013-12-19
永辉,宁波市 杭州湾世纪金源店,浙江省慈溪市杭州湾新区滨海二路金源大道19号,2013-12-15
永辉,合肥市 黄山路大溪地店,安徽省合肥市蜀山区黄山路588号大溪地国际商业广场,2013-11-30
永辉,郑州市 凤凰城店,河南省郑州市金水区郑汴路(玉凤路口)凤凰城,2013-11-30
永辉,渝北区 红叶路店,重庆市渝北区红叶路润都7号,2013-11-30
永辉,忠县 冠和财富广场店,重庆市忠县滨江路6号冠和财富广场,2013-11-30
永辉,西安市 大明宫万达店,陕西省西安市未央区凤城一路大明宫商业街万达广场,2013-11-22
永辉,广州市 汇珑新天地店,广东省广州市番禺区清河东路203号(原德兴商贸城),2013-11-20
永辉,绍兴市 笛扬路店,浙江省绍兴市绍兴县柯桥街道笛扬路(兴越路)聚银国际商业中心,2013-11-15
永辉,福州市 大儒世家店,福建省福州市鼓楼区粱厝路(洪甘路)大儒世家,2013-11-13
永辉,南岸区 风临路店,重庆市南岸区风临路3号融侨广场平街,2013-11-13
永辉,成都市 双楠店,四川省成都市武侯区武阳大道二段盛丰路555号汇融新贵公馆,2013-11-08
永辉,渝北区 兰馨大道店,重庆市渝北区兰馨大道77号(新城广场旁)汇祥好莱坞,2013-11-08
永辉,朝阳区 太阳宫店,北京市朝阳区七圣中街12号院(太阳宫桥东侧)爱琴海购物中心,2013-10-31
永辉,镇江市 红豆广场店,江苏省镇江市京口区禹山北路(东吴路)红豆购物广场,2013-10-23
永辉,璧山县 金山广场店,重庆市璧山县北门街金山广场,2013-09-30
永辉,哈尔滨市 哈西万达店,黑龙江省哈尔滨市南岗区中兴大道168号（哈西万达负一层）,2013-09-13
永辉,南岸区 腾龙大道店,重庆市南岸区弹子石国际社区,2013-09-12
永辉,盐城市 华府景城店,江苏省盐城市人民中路66号华府景城,2013-09-04
永辉,成都市 国色天乡店,四川省成都市温江区万春镇天乡路社区鱼凫路国色天乡商业街,2013-08-29
永辉,佛山市 季华店,广东省佛山市南海区季华七路(桂澜路)鹏瑞利购物中心,2013-08-23
永辉,长春市 宽城万达店,吉林省长春市宽城区凯旋路(铁北二路)万达广场,2013-08-16
永辉,焦作市 沁阳怀府路店,河南省沁阳市怀府中路(商埠大街)玫瑰城,2013-07-18
永辉,万州区 万州万达店,重庆市万州区北滨大道二段(电报路)万达广场,2013-07-05
永辉,杭州市 西田店,浙江省杭州市余杭区莫干山路(金家渡路口)西田商业中心,2013-06-22
永辉,无锡市 政和大道万达店,江苏省无锡市惠山区政和大道(吴韵路)万达广场,2013-06-21
永辉,深圳市 宝安大道店,广东省深圳市松岗街道红星社区宝安大道(松明大道)星际家园,2013-06-19
永辉,许昌市 禹王广场店,河南省禹州市禹王大道(药城路口)禹王广场,2013-06-10
永辉,厦门市 集美万达店,福建省厦门市集美区同集路(集源路)万达广场,2013-06-06
永辉,通州区 半壁店,北京市通州区梨园镇半壁店怡乐南街东段,2013-05-31
永辉,郑州市 颍河路店,河南省郑州市桐柏路(颍河路)中原新城,2013-05-19
永辉,合肥市 世纪金源北城店,安徽省合肥市北城新区蒙城北路北城世纪金源,2013-05-01
永辉,成都市 万科路店,四川省成都市成华区万科路9号凯德魅力城,2013-04-28
永辉,贵阳市 枫丹白鹭店,贵州省贵阳市云岩区三桥改茶路中段(后坝路1号)枫丹白鹭,2013-01-29
永辉,渝北区 兴科大道店,重庆市渝北区回兴街道兴科大道422号,2013-01-24
永辉,合肥市 铜陵路店,安徽省合肥市铜陵路(滨河路)中天左岸,2013-01-18
永辉,淮安市 健康东路店,江苏省淮安市清河区健康东路49号,2013-01-08
永辉,石家庄市 小马店,河北省石家庄市裕华区槐安东路153号(谈固东街),2012-12-31
永辉,郑州市 中州大道店,河南省郑州市航海路(中州大道)西北角,2012-12-28
永辉,合肥市 祁门路店,安徽省合肥市政务新区潜山路(祁门路口)新地中心,2012-12-28
永辉,绵阳市 花园路万达店,四川省绵阳市花园路9号涪城万达广场,2012-12-21
永辉,张家口市 尚峰广场店,河北省张家口市桥西区至善街（长青路）尚峰广场,2012-12-21
永辉,莆田市 荔华东万达广场店,福建省莆田市城厢区荔城南大道(荔华东大道路口)万达广场,2012-12-15
永辉,苏州市 太仓万达店,江苏省太仓市上海东路（娄江路）万达广场,2012-12-07
永辉,温州市 龙湾万达店,浙江省温州市龙湾区龙海路（永定路）万达广场,2012-11-30
永辉,福州市 连江贵安新天地店,福建省福州市连江县贵安温泉旅游度假区贵安新天地,2012-11-20
永辉,漳州市 九龙大道万达广场店,福建省漳州市九龙大道(建元东路口）万达广场,2012-10-26
永辉,大足县 国梁店,重庆市大足区国梁路6号大足商贸中心三号楼,2012-10-24
永辉,朝阳区 百子湾店,北京市朝阳区百子湾路大成国际中心,2012-09-30
永辉,新乡市 新一街宝龙城市广场店,河南省新乡市新一街(友谊路口)宝龙城市广场,2012-09-29
永辉,漳州市 漳浦龙湖店,福建省漳州市漳浦县龙湖路漳浦永辉生活中心,2012-09-29
永辉,成都市 抚琴南路店,四川省成都市金牛区永陵路（青羊北路）黄河商业城,2012-09-28
永辉,沙坪坝区 大学城北路店,重庆市沙坪坝区大学城北路94号龙湖U城天街风尚馆,2012-09-28
永辉,渝北区 星光天地店,重庆市渝北区金开大道66号金开协信中心星光天地,2012-09-28
永辉,苏州市 枫桥路店,江苏省苏州市金阊区桐泾北路(枫桥路口)来客茂时尚生活中心,2012-09-25
永辉,沈阳市 北一路万达广场店,辽宁省沈阳市铁西区北一中路1号北一路万达广场,2012-08-31
永辉,渝北区 金开大道店,重庆市渝北区金开大道中冶北麓原,2012-08-30
永辉,新乡市 和谐路南关店,河南省辉县市和谐路南关街东南角瑞成时代广场,2012-08-25
永辉,福州市 新天宇广场店,福建省福州市仓山区城门镇三角埕,2012-08-15
永辉,泉州市 晋江万达广场店,福建省晋江市世纪大道(湖光西路)万达广场,2012-08-10
永辉,沙坪坝区 联芳桥店,重庆市沙坪坝区联芳桥渝新路大城小爱,2012-07-28
永辉,渝北区 金渝大道店,重庆市渝北区金渝大道88号叠彩城三期,2012-07-25
永辉,南京市 雨花台店,江苏省南京市雨花台区玉兰路（丁墙路口）明发商业广场,2012-07-13
永辉,长寿区 盛世桃源店,重庆市长寿区文苑大道1号盛世桃源,2012-06-30
永辉,石家庄市 新石店,河北省石家庄市桥西区友谊南大街（新石中路口）,2012-06-29
永辉,六盘水市 钟山中路店,贵州省六盘水市钟山中路（麒麟路）,2012-06-28
永辉,海淀区 文慧园店,北京市海淀区红联村3号索家坟商业楼,2012-05-18
永辉,张家口市 宣化店,河北省张家口市宣化区宣府大街99号,2012-04-30
永辉,福州市 首山店,福建省福州市仓山区首山路滨海嘉年华E区,2012-04-27
永辉,成都市 温江光华大道店,四川省成都市温江区光华大道三段（永兴路）,2012-04-26
永辉,济源市 文昌店,河南省济源市宣化街（文昌路口）,2012-04-22
永辉,璧山县 青杠店,重庆市璧山县青杠街道民安街168号青山河畔,2012-03-29
永辉,石家庄市 西美五洲店,河北省石家庄市裕华区槐安路（谈固大街）西美五洲天地,2012-03-09
永辉,海淀区 金沟河店,北京市海淀区金沟河21号,2012-01-18
永辉,丰台区 马家堡店,北京市丰台区马家堡东路106号院2号楼,2012-01-13
永辉,合肥市 桐城南路店,安徽省合肥市桐城南路桐城绿苑小区,2012-01-09
永辉,顺义区 新世界店,北京市顺义区新顺南大街18号新世界百货,2012-01-06
永辉,遵义市 仁怀国酒大道店,贵州省仁怀市盐津办事处国酒大道羊子丫转盘东南侧,2011-12-31
永辉,昌平区 龙旗广场店,北京市昌平区回龙观镇黄土店黄平路泰华龙旗广场,2011-12-31
永辉,九龙坡区 民生广场店,重庆市九龙坡区西彭镇大石堡一村民生广场,2011-12-31
永辉,福州市 连江金牛山广场店,福建省福州市连江县g头镇大众中路（青芝路口）金牛山广场,2011-12-31
永辉,洛阳市 开元大道店,河南省洛阳市洛龙区开元大道(厚载门街)宝龙城市广场,2011-12-30
永辉,郑州市 大学路店,河南省郑州市大学路（中原路）中苑名都,2011-12-25
永辉,贵阳市 贵乌店,贵州省贵阳市云岩区贵乌北路15号常立商城,2011-12-25
永辉,南平市 顺昌中山店,福建省南平市顺昌县中山西路32号融华世家,2011-12-25
永辉,福州市 闽侯昙石山店,福建省福州市闽侯县城新区昙石山西大道3号,2011-12-25
永辉,丰台区 千禧街店,北京市丰台区靛厂路千禧商业街,2011-12-24
永辉,合肥市 四里河店,安徽省合肥市四里河路（北二环路口）明发商业广场,2011-12-23
永辉,苏州市 常熟方塔街百盛店,江苏省常熟市方塔街106号百盛广场,2011-12-22
永辉,南平市 建阳金都店,福建省建阳市上水南路金都商贸城,2011-12-19
永辉,荣昌县 沿河中路店,重庆市荣昌县昌元街道宝城路,2011-12-02
永辉,渝北区 星湖路店,重庆市渝北区高新园星湖路3号劲力五星城二期,2011-11-30
永辉,大庆市 东风路万达广场店,黑龙江省大庆市萨尔图区东风路15号（万达广场负一层）,2011-11-25
永辉,海淀区 清河店,北京市海淀区清河龙岗路51号清润家园小区,2011-11-24
永辉,宁德市 霞浦松城店,福建省宁德市霞浦县松城街道东园里2号,2011-11-24
永辉,石家庄市 民心广场店,河北省石家庄市桥西区维明南大街民心广场,2011-10-01
永辉,郑州市 东太康路店,河南省郑州市管城区东太康路72号,2011-09-30
永辉,合肥市 肥西水晶城店,安徽省合肥市肥西县上派老中街水晶城,2011-09-28
永辉,北辰区 双街店,天津市北辰区双街大道北侧双街新,2011-09-23
永辉,朝阳区 垡头店,北京市朝阳区(东四环欢乐谷)垡头路翠成馨园,2011-09-23
永辉,盐城市 人民中路宝龙店,江苏省盐城市人民中路9号宝龙城市广场,2011-09-23
永辉,九龙坡区 石坪桥店,重庆市九龙坡区石坪桥横街43-44号,2011-09-11
永辉,厦门市 金湖店,福建省厦门市湖里区金湖路5号枋湖客运商业中心,2011-09-07
永辉,沙坪坝区 陈家桥店,重庆市沙坪坝区陈家桥镇怡鑫花园B区平街,2011-08-31
永辉,南京市 滨江新城店,江苏省南京市浦口区江山路明发外滩广场,2011-08-19
永辉,合肥市 海洲店,安徽省合肥市龙岗开发区临泉东路海洲景秀世家,2011-07-31
永辉,莆田市 仙游鲤城广场店,福建省莆田市仙游县八二五大街（解放中路）鲤城广场,2011-07-15
永辉,漳州市 龙海龙池店,福建省龙海市角美镇龙池开发区龙池新天地,2011-06-30
永辉,三明市 沙县鸿图店,福建省三明市沙县鸿图花园鸿辉园,2011-06-24
永辉,芜湖市 南陵籍山路店,安徽省芜湖市南陵县籍山大道时代广场二期,2011-06-18
永辉,巴南区 都和广场店,重庆市巴南区李家沱林荫村18号都和广场,2011-06-05
永辉,荣昌县 莲花广场店,重庆市荣昌县昌元镇棠城国际,2011-05-21
永辉,贵阳市 恒峰店,贵州省贵阳市中山西路59号恒峰步行街,2011-05-18
永辉,秀山县 秀山店,重庆市秀山县滨江新区,2011-05-06
永辉,江北区 望江店,重庆市江北区郭家沱旱河小区,2011-05-06
永辉,福州市 金祥店,福建省福州市仓山区金祥路530号,2011-04-29
永辉,东城区 恒基店,北京市东城区建国门内大街18号恒基中心,2011-04-02
永辉,巴南区 土桥店,重庆市巴南区花溪镇红光大道50号,2011-03-31
永辉,北辰区 集贤店,天津市北辰区北仓镇京津公路（延吉道）新世纪集贤购物广场,2011-01-27
永辉,北碚区 文星湾旺德旺城店,重庆市北碚区文星湾旧城改造项目,2011-01-25
永辉,朝阳区 双桥店,北京市朝阳区双桥桥关西侧,2011-01-23
永辉,大渡口区 壹街购物中心店,重庆市大渡口区顺祥壹街区购物中心,2010-12-31
永辉,莆田市 仙游滨江嘉苑店,福建省莆田市仙游县枫亭镇滨江嘉苑C栋,2010-12-30
永辉,三明市 将乐日照东门店,福建省三明市将乐县古镛镇日照东门广场,2010-12-25
永辉,南岸区 万达广场店,重庆市南岸区江南大道8号万达广场,2010-12-24
永辉,池州市 长江路店,安徽省池州市长江路（百牙路）商之都购物中心,2010-12-24
永辉,南川区 南大街店,重庆市南川区南城大道消防总队旁金易城市之光,2010-12-22
永辉,武隆县 南城中央广场店,重庆市武隆县巷口镇建设东路2号南城中央广场,2010-12-18
永辉,福州市 福湾店,福建省福州市仓山区福湾路福湾新城夏雨苑商场,2010-12-16
永辉,莆田市 正荣时代广场店,福建省莆田市荔城区东园路北大路口正荣时代广场,2010-11-29
永辉,昌平区 回龙观店,北京市昌平区回龙观龙冠置业大厦,2010-11-25
永辉,福州市 金山公园道店,福建省福州市仓山区金山桔园四路33号,2010-10-29
永辉,贵阳市 金源购物中心店,贵州省贵阳市金阳新区金阳南路6号,2010-10-23
永辉,渝中区 人和街店,重庆市渝中区人和街,2010-10-10
永辉,合肥市 史河路店,安徽省合肥市蜀山区史河路38号拓佳欢乐广场平街,2010-09-21
永辉,合肥市 武里山路店,安徽省合肥市新站区武里山路（物流大道）兴华农副产品批发市场,2010-09-16
永辉,合肥市 马鞍山南路店,安徽省合肥市包河区马鞍山南路绿地赢海国际大厦,2010-08-16
永辉,合肥市 潜山路店,安徽省合肥市政务区潜山路(高河东路口)绿地蓝海国际大厦B座,2010-08-01
永辉,沙坪坝区 新桥店,重庆市沙坪坝区新桥新村88号新桥新都,2010-07-21
永辉,莆田市 城涵东店,福建省莆田市涵江区城涵东大道35号荔洲商贸广场,2010-07-15
永辉,朝阳区 山水文园店,北京市朝阳区东三环南路弘燕南一路华森新世纪广场,2010-07-10
永辉,沙坪坝区 双碑鼎盛店,重庆市沙坪坝区双碑街33号鼎盛大厦,2010-06-23
永辉,厦门市 新阳店,福建省厦门市海沧区新阳工业区新阳商业中心,2010-05-29
永辉,丰台区 草桥店,北京市丰台区北甲地路10号院三号楼,2010-05-21
永辉,泉州市 浮桥店,福建省泉州市鲤城区浮桥王宫悦来香大厦,2010-05-15
永辉,泉州市 德化兴南店,福建省泉州市德化县兴南街南门农贸商城,2010-05-15
永辉,宁德市 福安新华店,福建省福安市新华北路上海公馆,2010-05-05
永辉,合肥市 世纪金源滨湖店,安徽省合肥市滨湖新区徽州大道（紫云路口）,2010-04-25
永辉,合川区 金世纪广场店,重庆市合川区希尔安大道41号金世纪大厦,2010-04-22
永辉,巴南区 人民广场店,重庆市巴南区鱼洞鱼轻路26号巴南人民广场,2010-04-10
永辉,合肥市 宝文店,安徽省合肥市新站区站西路1号宝文国际装饰广场,2010-04-03
永辉,泉州市 南安水头店,福建省南安市水头镇奎峰工业区东侧时代新城,2010-03-30
永辉,海淀区 增光路店,北京市海淀区增光路45号,2010-03-26
永辉,福州市 福新店,福建省福州市晋安区福新东路8号,2010-03-18
永辉,万州区 国贸广场店,重庆市万州区五桥安顺路72号国贸广场,2010-02-07
永辉,大兴区 旧宫店,北京市大兴区旧宫镇小红门路39号,2010-02-05
永辉,南平市 松溪佳禾馨苑店,福建省南平市松溪县工农中路326号佳禾馨苑二区商贸商场,2010-01-31
永辉,江北区 金源时代购物中心店,重庆市江北区滨江路368号金源时代购物广场,2010-01-29
永辉,忠县 中博大道店,重庆市忠县中博大道中博商厦,2010-01-05
永辉,福州市 鹤林店,福建省福州市晋安区三八路北侧鹤林新城商场,2009-12-31
永辉,厦门市 海沧禹洲店,福建省厦门市海沧区兴港路西侧禹洲世贸生活广场,2009-12-29
永辉,南岸区 弹新街店,重庆市南岸区弹子石新街59号富力现代广场,2009-12-29
永辉,福州市 居住主题公园店,福建省福州市晋安区新店镇山北路233号居住主题公园,2009-12-23
永辉,铜梁县 广龙明珠店,重庆市铜梁县巴川办事处水井巷30号,2009-12-13
永辉,福州市 闽侯白沙店,福建省福州市闽侯县白沙新城商贸中心,2009-12-01
永辉,江北区 建新东路店,重庆市江北区建新东路36号,2009-11-29
永辉,南岸区 南湖花园店,重庆市南岸区花园村街道湖滨路1-4号,2009-11-28
永辉,垫江县 西欧花园店,重庆市垫江县西欧花园商业步行街香榭广场商场,2009-11-10
永辉,梁平县 西池广场店,重庆市梁平县二横街西池广场,2009-11-05
永辉,渝北区 宝圣西路店,重庆市渝北区回兴街道宝圣西路395号,2009-10-28
永辉,福州市 长乐郑和店,福建省长乐市吴航街道郑和中路5号商场十洋商场,2009-10-02
永辉,渝北区 武陵路店,重庆市渝北区武陵路71号,2009-09-30
永辉,三明市 宁化龙门店,福建省三明市宁化县中环路(龙门路口)中环广场,2009-09-23
永辉,沙坪坝区 嘉茂购物中心店,重庆市沙坪坝区小龙坎新街029号华宇广场1号,2009-09-18
永辉,福州市 长乐吴航店,福建省长乐市吴航街道会堂北路锦江三区,2009-08-28
永辉,沙坪坝区 童家桥店,重庆市沙坪坝区童家桥大水井1号九鼎红街,2009-08-28
永辉,开县 新天地店,重庆市开县开州大道中段新天地广场,2009-08-15
永辉,福州市 江南水都店,福建省福州市仓山区燎原路161号心巢花园,2009-08-15
永辉,万州区 王牌路店,重庆市万州区王牌路41号(民意花园)平街,2009-07-29
永辉,北碚区 天生丽街店,重庆市北碚区西南大学对面天生丽街,2009-07-18
永辉,福州市 福清中环店,福建省福清市融城中环路1号中环广场,2009-07-11
永辉,石景山区 鲁谷店,北京市石景山区鲁谷大街东侧,2009-06-26
永辉,沙坪坝区 汉渝路店,重庆市沙坪坝区汉渝路塑料新村1号附3号,2009-06-16
永辉,渝北区 龙头寺店,重庆市渝北区高新园保利香槟花园,2009-06-10
永辉,福州市 西园店,福建省福州市晋安区新店西园二期,2009-06-06
永辉,江北区 大石坝店,重庆市江北区大石坝街道大石坝正街1-40号大石坝市民广场,2009-06-01
永辉,厦门市 思东店,福建省厦门市思明区大同路280-308号思东大厦,2009-05-01
永辉,沙坪坝区 天星桥店,重庆市沙坪坝区天星桥正街49号平街,2009-05-01
永辉,福州市 浦新店,福建省福州市桔园三期(浦新小区)20号楼,2009-04-15
永辉,渝中区 较场口店,重庆市渝中区民权路58号,2009-04-10
永辉,泉州市 惠安建设南路店,福建省泉州市惠安县建设南街金龙华城大厦,2009-03-28
永辉,万盛区 万盛名都店,重庆市万盛区万盛大道9号,2009-03-23
永辉,渝中区 白象街店,重庆市渝中区二府衙39号,2009-03-05
永辉,福州市 福清兰天商贸城店,福建省福清市龙田镇兰天商贸城,2009-01-18
永辉,南平市 建瓯建贸店,福建省建瓯市建贸路盛海商贸中心,2009-01-16
永辉,綦江县 河东店,重庆市綦江县古南镇巨龙商业城,2009-01-16
永辉,丰台区 六里桥店,北京市丰台区太平桥15号楼尚西泊图,2009-01-10
永辉,福州市 福清成龙步行街店,福建省福清市成龙步行街,2009-01-10
永辉,万盛区 民盛店,重庆市万盛区民盛大道民盛大厦,2009-01-10
永辉,泉州市 泉秀店,福建省泉州市丰泽区泉秀东街26号(金帝花园对面),2009-01-01
永辉,九龙坡区 石桥铺店,重庆市九龙坡区石桥铺石杨路17号附22号,2008-12-23
永辉,福州市 闽清坂东店,福建省福州市闽清县坂东镇六都商贸城商场,2008-12-15
永辉,渝北区 空港店,重庆市渝北区空港凌空大道红树林小区28号楼,2008-12-12
永辉,璧山县 时代商都店,重庆市璧山县璧城街道中生时代商都商场,2008-11-18
永辉,三明市 永安五洲店,福建省永安市石门路五洲第一城,2008-11-15
永辉,泉州市 石狮振兴店,福建省石狮市振兴路新加坡商厦,2008-10-15
永辉,綦江县 河西店,重庆市綦江县古镇交通路25号,2008-10-15
永辉,九龙坡区 西城天街店,重庆市九龙坡区杨家坪珠江路48号西城天街购物广场,2008-09-02
永辉,南岸区 南坪东路店,重庆市南岸区南坪街道南坪东路37号,2008-08-10
永辉,南平市 东溪店,福建省南平市延平区东溪路62号,2008-06-25
永辉,莆田市 荔城北店,福建省莆田市城厢区荔城大道(梅园西路路口)华东城市广场,2008-06-07
永辉,厦门市 海天店,福建省厦门市湖里区海天路银都广场,2008-05-01
永辉,福州市 鼓山苑店,福建省福州市晋安区前屿东路77号鼓山苑小区鼓春园,2008-04-18
永辉,梁平县 大众店,重庆市梁平县梁山镇大众街中心广场,2008-04-11
永辉,大渡口区 香港城店,重庆市大渡口区松清路佳禾钰茂香港城,2008-01-22
永辉,渝北区 双龙店,重庆市渝北区双龙大道218号,2008-01-03
永辉,福州市 福飞店,福建省福州市晋安区福飞北路136号新慧商城,2007-12-16
永辉,南岸区 四公里店,重庆市南岸区龙商业大厦,2007-09-19
永辉,长寿区 协信店,重庆市长寿区长寿路向阳路2号协信商业中心,2007-09-01
永辉,渝北区 黄泥Y店,重庆市渝北区黄泥Y黄龙路10号,2007-07-01
永辉,福州市 鳌峰店,福建省福州市台江区鳌峰路北侧鳄鱼公园西侧,2007-06-18
永辉,厦门市 康乐店,福建省厦门市湖里区南山路289号康乐新村A3组团,2007-05-18
永辉,福州市 五四北店,福建省福州市晋安区五四北利嘉路东侧,2007-02-10
永辉,江北区 五里店,重庆市江北区建新东路295号,2007-01-31
永辉,渝中区 大坪店,重庆市渝中区大坪正街88号穗东莲花国际,2007-01-21
永辉,厦门市 祥和店,福建省厦门市思明区斗西路156-158号祥和广场,2007-01-11
永辉,南平市 体育公园店,福建省南平市延平区文体路8号,2006-12-09
永辉,福州市 闽侯大学城店,福建省福州市闽侯县上街镇金屿村316国道北侧,2006-11-10
永辉,三明市 永安五四店,福建省永安市五四路豪门御景小区3号楼,2006-10-17
永辉,福州市 省府店,福建省福州市鼓楼区省府路48号,2006-08-06
永辉,福州市 琅岐店,福建省福州市琅岐镇上岐管理区八一七街,2006-01-01
永辉,福州市 融侨店,福建省福州市鼓楼区西江滨大道66号,2005-11-03
永辉,南平市 建瓯管葡店,福建省建瓯市管葡路23号,2005-10-15
永辉,渝北区 东和春天店,重庆市渝北区松石北路东和春天,2005-10-03
永辉,福州市 碧水芳洲店,福建省福州市台江区江滨西大道180号(15-16号楼),2005-09-14
永辉,福州市 上渡店,福建省福州市仓山区上渡路南台新苑梅花园1号楼,2005-06-16
永辉,渝北区 加州店,重庆市渝北区龙溪街道加州花园B4幢,2005-04-18
永辉,福州市 井楼门店,福建省福州市鼓楼区井大路176号,2005-04-03
永辉,福州市 金辉店,福建省福州市晋安区华林路492号金辉大厦商场,2005-03-05
永辉,福州市 茶会店,福建省福州市晋安区福新东路191号,2005-01-05
永辉,江北区 观音桥店,重庆市江北区建新北路二支路1号,2004-10-18
永辉,福州市 群众店,福建省福州市台江区群众路90号,2004-07-23
永辉,福州市 马尾店,福建省福州市马尾区君竹路67号,2004-07-11
永辉,福州市 岳峰店,福建省福州市晋安区三八路31号,2004-07-03
永辉,福州市 闽侯甘蔗店,福建省福州市闽侯县甘蔗镇双池村委(横街),2004-04-09
永辉,福州市 屏山店,福建省福州市鼓楼区鼓屏路158号,2003-12-19
永辉,福州市 汇达店,福建省福州市仓山区六一南路118号汇达广场,2003-09-09
永辉,福州市 华林店,福建省福州市晋安区华林路245号,2003-09-06
永辉,福州市 前屿店,福建省福州市晋安区福马路210号,2003-01-23
永辉,福州市 国棉店,福建省福州市鼓楼区北二环中路屏山苑,2002-10-15
永辉,福州市 象园店,福建省福州市晋安区国货东路377-379号,2002-04-28
永辉,福州市 津泰店,福建省福州市鼓楼区津泰路92号,2002-03-07
永辉,福州市 铜盘店,福建省福州市鼓楼区铜盘路278号,2002-02-23
永辉,福州市 黎明店,福建省福州市鼓楼区西二环中路436号,2001-09-08
永辉,福州市 西门店,福建省福州市鼓楼区西洪路33号湖滨邮电小区3号楼,2000-11-17
永辉,福州市 屏西店,福建省福州市鼓楼区屏西路94号,2000-07-27
永辉,福州市 西洪店,福建省福州市鼓楼区西洪路打铁桥40号,1999-04-03
永辉,石家庄市 瑞城商业广场店,河北省石家庄市长安区中山路（谈固东街）瑞城商业广场,2016-12
永辉,成都市 成都迎宾广场店,四川省成都市金牛区金牛乡郎家村3组,2016-12
永辉,杭州市 东站西子国际店,杭州市江干区和兴路108号东站西子国际永辉超市,2016-12
永辉,郑州市 荥阳鑫苑美都汇店,河南省郑州市荥阳市郑上路与广武路交叉口西南角,2016-11
永辉,遵义市 唯一国际店,贵州省遵义市汇川区昆明路唯一国际,2016-11
永辉,眉山市 东方银座店,四川省眉山市东坡区岷江大道中段139号,2016-11
永辉,沙坪坝区 春华秋实店,重庆市沙坪坝区大学城东路（科技学院旁）,2016-11
永辉,巴南区 云锦路店,重庆市巴南区云锦路3号典雅天城负一层,2016-10
永辉,西安市 华阳新天地店,陕西省西安市灞桥区纺北路（纺渭路口）华阳新天地,2016-10
永辉,唐山市 友谊路店,河北省唐山市路南区友谊路（国防道）友谊天地商业,2016-10
永辉,郑州市 站前升龙广场店,河南省郑州市郑东新区东风东路商鼎路升龙广场,2016-09
永辉,郑州市 南阳店,河南省郑州市惠济区南阳路（刘砦路口）,2016-09
永辉,南平市 建瓯东门黄华店,福建省建瓯市城区东门外黄华路,2016-09
永辉,廊坊市 万向城店,河北省廊坊市广阳区广阳道（裕华路）万向城,2016-07
永辉,德阳市 德阳泰山南路店,四川省德阳市泰山南路二段银鑫五洲广场,2016-07
永辉,延安市 延安北滨路,陕西省延安市宝塔区大东门街万达广场,筹建中门店
永辉,福州市 台江万达店,福州市台江区鳌峰路金融街万达广场负一层,筹建中门店
永辉,淮安市 玖珑汇广场店,江苏省淮安市淮安区翔宇南道路801号,筹建中门店
永辉,綦江县 九龙大道店,重庆市綦江区九龙大道82号,筹建中门店
永辉,吕梁市 汾阳城市广场店,山西省汾阳市文峰西街与英雄南路交叉口东南角,筹建中门店
永辉,石家庄市 高柱店,石家庄新华区联盟路与文苑街交汇处西南角,筹建中门店
永辉,无锡市 江阴万达广场店,江苏省无锡市江阴人民西路317号万达广场,筹建中门店
永辉,南京市 南京新城吾悦广场店,江苏省南京市湖北路51号地下二层南京新城吾悦广场,筹建中门店
永辉,滨海新区 塘沽万达店,天津市滨海新区建材路与解放路交口,筹建中门店
永辉,宁波市 余姚银泰城店,浙江省宁波市余姚市新建北路217号,筹建中门店
永辉,三明市 万星广场店,福建省三明市宁化县龙门路,筹建中门店
永辉,遵义市 遵义自由港店,贵州省遵义市汇川区温州路自由港,筹建中门店
永辉,贵阳市 花果园大街店,贵州省贵阳市南明区都会大道花果园M区13-16栋,筹建中门店
永辉,眉山市 眉山万景国际店,四川省眉山市东坡区下西街与纱e行交叉口东北侧,筹建中门店
永辉,成都市 简阳雄州大道店,四川省简阳市雄州大道南段与简州大桥交汇处,筹建中门店
永辉,成都市 成都电视塔店,四川省成都市猛追湾街94号四川广播电视塔影视文化广场,筹建中门店
永辉,西安市 雁塔北路店,陕西省西安市雁塔区雁塔北路与友谊东路交汇处东南角,筹建中门店
永辉,西安市 太乙路店,陕西省西安市碑林区南二环（太乙路）太乙城理想街区,筹建中门店
永辉,渭南市 高新万达店,陕西省渭南市高新区新区东路（东兴街）万达广场,筹建中门店
永辉,西安市 纺北路店,陕西省西安市灞桥区纺北路(纺渭路口)华阳新天地,筹建中门店
永辉,西安市 小寨西路店,陕西省西安市小寨西路与含光路交叉口东南角,筹建中门店
永辉,黔南州 罗甸中央广场店,贵州省罗甸县河滨路、东环路、明珠路交汇处,筹建中门店
永辉,浦东新区 唐镇阳光天地店,上海市浦东新区高科东路777弄1幢1号，7号，20号唐镇阳光天地,筹建中门店
永辉,闵行区 颛桥万达广场店,上海市闵行区颛桥镇都市路2700号颛桥万达广场,筹建中门店
永辉,丰台区 西铁营万达广场店,北京市丰台区南苑乡西铁营村西铁营中路1号院,筹建中门店
永辉,廊坊市 富地广场店,河北省三河市燕郊开发区亚泰大街与迎宾路交叉口南侧60米路东,筹建中门店
永辉,衢州市 衢州万达广场店,浙江省衢州市柯城区荷花中路555幢,筹建中门店
永辉,涪陵区 涪陵宝龙店,重庆市涪陵区百花路88号,筹建中门店
永辉,荣昌县 荣昌迎宾大道店,重庆荣昌县北部新区昌龙大道212号（昌龙大道和迎宾大道交汇处）,筹建中门店
永辉,潼南县 潼南毛家坡科艺店,重庆市潼南县东安大道99号,筹建中门店
永辉,曲靖市 曲靖雄业金都店,云南省曲靖市麒麟区寥廓南路与文昌街交汇处,筹建中门店
永辉,达州市 天泰新天地店,四川省达州市大竹县迎宾路与竹海路交汇处,筹建中门店
永辉,成都市 沁园时代广场店,四川省成都市天府新区梓州大道与中和1路交叉口,筹建中门店
永辉,成都市 龙湖西悦天街店,四川省成都市金牛区一品天下大街与茶店子路交叉口,筹建中门店
永辉,成都市 招商花园城店,四川省成都市成华区成华大道,筹建中门店
永辉,六盘水市 六盘水万达店,贵州省六盘水市钟山区麒麟路与碧云路十字西北角,筹建中门店
永辉,贵阳市 云泰广场店,贵州省贵阳市白云区白云南路（七冶大厦旁）,筹建中门店
永辉,成都市 双铁广场店,四川省成都市郸都区天府路与学园路交叉口,筹建中门店
永辉,成都市 武侯万达店,四川省成都市武侯区聚龙路与万兴路交汇处,筹建中门店
永辉,九龙坡区 易鲜生活体验店,重庆市九龙坡区谢家湾正街55号华润二十四层三期万象里商业负一层,筹建中门店
永辉,南通市 通州万达广场店,江苏省南通市通州区金新街道碧华路6号,筹建中门店
永辉,扬州市 邗江万达广场店,江苏省扬州市邗江区邗江中路302号,筹建中门店
永辉,成都市 餮舻,四川省彭州市餍宋髀50号,筹建中门店
永辉,成都市 新城吾悦广场店,四川省成都市武侯区武侯大道与武兴二路交汇处,筹建中门店
永辉,成都市 成都青龙广场店,四川省成都市成华区街道东林村青龙广场,筹建中门店
永辉,成都市 新津时代广场店,四川省成都市新津县五津镇兴园三路抚江社区一组,筹建中门店
永辉,成都市 新城市广场店,四川省成都市青羊区西大街与宁夏街交汇处,筹建中门店
永辉,德阳市 德阳泰山南路店,四川省德阳市泰山南路二段银鑫五洲广场,筹建中门店
永辉,西安市 雁塔南路店,陕西省西安市雁塔区雁塔南路与雁南二路十字,筹建中门店
永辉,西安市 友谊东路店,陕西省西安市雁塔区友谊东路与雁塔北路交汇处,筹建中门店
永辉,西安市 纺渭路店,陕西省西安市灞桥区纺渭路渝长乐东路西北角,筹建中门店
永辉,泉州市 泉州万科里,福建省泉州市鲤城区江滨北路,筹建中门店
永辉,福州市 万科广场店,福建省福州市台江区白马路与西洋路交叉口,筹建中门店
永辉,郑州市 公园茂店,河南省郑州市高新区雪松路金菊街交叉口,筹建中门店
永辉,大同市 玄辰广场店,山西省大同市城区魏都大道与西马路交汇处,筹建中门店
永辉,惠州市 大亚湾万达广场店,广东省惠州市大亚湾西区龙海二路与龙山八路交汇处,筹建中门店
永辉,合肥市 绿地新都汇店,安徽省肥西县金寨南路与天海路交口,筹建中门店
永辉,合肥市 圣地雅阁店,安徽省合肥市瑶海区临泉东路与王岗路交口（圣地雅阁）,筹建中门店
永辉,郑州市 巩义人民路店,河南省郑州巩义市人民路建设路交汇处西南角,筹建中门店
永辉,福州市 长乐金港城店,福建省福州长乐市金峰镇金港路与胪雷大道交汇处以北,筹建中门店
永辉,南平市 松溪东升商城店,福建省南平市松溪县解放街与古城路交汇处,筹建中门店
永辉,杭州市 金盛嘉悦广场店,浙江省杭州市滨江区浦沿街道东冠路611号金盛嘉悦广场东南角二楼永辉超市,筹建中门店
永辉,杭州市 杭州五常华立C+店,浙江省杭州市五常大道170号,筹建中门店
永辉,深圳市 光明宏发天汇城店,广东省深圳市光明新区风景南路与松白路交汇处,筹建中门店
永辉,深圳市 宝安宏发QCC前城店,广东省深圳市宝安区坪洲地铁站A出口,筹建中门店
永辉,丰都县 久桓时代广场店,重庆市丰都县龙城大道与龙河二桥延伸段交汇处,筹建中门店
永辉,大同市 源茂街东信广场店,山西省大同市城区源茂街与永泰南路西南角,筹建中门店
永辉,泸州市 天远广场店,四川省泸州市江阳区蓝安路与黄桷路交汇处,筹建中门店
永辉,成都市 新城市广场店,四川省成都市青羊区西大街与宁夏街交汇处,筹建中门店
永辉,秀山县 渝秀大道店,重庆市秀山县中和街道渝秀大道126号,筹建中门店
永辉,苏州市 中锐星汇生活广场店,江苏省苏州市园区西沈浒路中锐星汇生活广场,筹建中门店
永辉,泉州市 新城吾悦广场店,福建省泉州晋江市鞋都路与双龙路交汇处,筹建中门店
永辉,宁波市 奉化冠城店,浙江省宁波市奉化南山路与中山路交叉口,筹建中门店
永辉,盐城市 万彩国际广场店,江苏省盐城市建湖县明星路与兴建东路交汇处,筹建中门店
永辉,洛阳市 王城大道店,河南省洛阳市王城大道与汉屯路交叉口C地块负一层,筹建中门店
永辉,朝阳区 明天第一城店,北京市朝阳区立军路与立汤路交叉口西侧340米路北,筹建中门店
永辉,沈阳市 佳兆业店,辽宁省沈阳市沈河区青年大街东侧,筹建中门店
永辉,合肥市 滨湖银泰城店,安徽省合肥市滨湖区庐山大道与云谷路交口,筹建中门店
永辉,金华市 义乌宝龙广场店,浙江省义乌市佛堂镇佛堂大道与渡磬南路交叉口东南角，义乌宝龙广场,筹建中门店
永辉,浦东新区 曹路贝越店,上海市浦东新区金钻路与上川路西南角,筹建中门店
永辉,南通市 海门龙信广场店,江苏省南通市海门市长江南路99号,筹建中门店
永辉,黔南州 龙里名门时代广场店,贵州省黔南州龙里县正大街与胜利街十字路口,筹建中门店
永辉,北碚区 红桂林店,重庆市北碚区缙云大道29号,筹建中门店
永辉,南岸区 奥园城市天地店,重庆市南岸区茶园新区奥园城市天地项目,筹建中门店
永辉,九龙坡区 奥园盘龙店,重庆市九龙坡区大杨石组团Q标准分区F3-5-1地块,筹建中门店
永辉,邯郸市 邯郸勒泰中心・串城店,河北省邯郸市丛台区人民路与陵西大街交叉口邯郸勒泰中心・串城负一层G-139号,筹建中门店
永辉,太原市 华宇百花谷店,山西省太原市学府街132号华宇百花谷商业中心,筹建中门店
永辉,西安市 西安地铁置业店,陕西省西安市小寨西路232号MOMOPAPK项目,筹建中门店
永辉,潼南县 隆鑫中央大街店,重庆市潼南区桂林街道办事处巴渝大道B6号地块6号子地块（巴渝大道与向阳路交汇处）,筹建中门店
永辉,大足县 观棠晓月店,重庆市大足区棠香街道五星大道中段229号,筹建中门店
永辉,昆明市 西城时代店,云南省昆明市滇缅大道与昌源北路十字西北角,筹建中门店
永辉,乐山市 万和凤凰城店,四川省乐山市犍为县凤凰大道南段,筹建中门店
永辉,郑州市 美景万科店,河南省郑州市文化路英才街交叉口,筹建中门店
永辉,张家口市 元都广场店,河北省张家口市张北县光华北大街与兴华东路交口,筹建中门店
永辉,张家口市 兰顿庄园店,河北省张家口市怀来县长城北路与府前街交口,筹建中门店
永辉,石家庄市 青园新街坊店,河北省石家庄市裕华区青园街与建强路交口,筹建中门店
永辉,黔南州 罗甸县明珠广场店,贵州省罗甸县河滨路、东环路、明珠路交汇处,筹建中门店
永辉,阜阳市 七彩世界欢乐城店,安徽省阜阳市阜南路与清河东路交汇处西南角,筹建中门店
永辉,眉山市 峨眉山乐荟城店,四川省峨眉山市佛光北路与乐峨路交汇处,筹建中门店
永辉,成都市 泰合国际财富中心店,四川省成都市锦江区攀成钢片区沙河以东、东大街沿线以南,筹建中门店
永辉,莆田市 水韵城店,福建省莆田市涵江区涵华西路与顶铺路交汇处,筹建中门店
永辉,宝山区 沪太路星光耀店,上海市宝山区泸太路和晋城路交叉口地下一层,筹建中门店
永辉,宁波市 宁波金沙码头店,浙江省宁波市国家高新区江南路梅墟路交叉口,筹建中门店
永辉,绍兴市 和悦广场店,浙江省绍兴嵊州市双塔路和经环西路东北角和悦时代广场3号楼二层,筹建中门店
永辉,杭州市 富春新天地店,浙江省杭州市富阳区恩波大道155号富春新天地,筹建中门店
永辉,杭州市 九堡新禾联创公园店,浙江省杭州市江干区九华路3号,筹建中门店
永辉,南京市 常发广场店,江苏省南京市玄武区红山路88号,筹建中门店
永辉,福州市 马尾正荣财富中心店,福建省福州市马尾区君竹路上岐路交叉口,筹建中门店
永辉,杭州市 西溪银泰城店,浙江省杭州市西湖区余杭塘路崇仁路西南角,筹建中门店
永辉,绍兴市 绍兴1051广场店,浙江省绍兴市人民东路舜江路东北角,筹建中门店
永辉,深圳市 雅宝星河COCO Park店,广东省深圳市龙华区五和大道雅宝星河COCO Park商场负一层,筹建中门店
永辉,南平市 武夷山万兆国际店,福建省武夷山市五九北路以南54号万兆广场,筹建中门店
永辉,三明市 建宁万家店,福建省三明市建宁县荷花东路8号万家财富广场,筹建中门店
永辉,顺义区 金宝花园店,北京市顺义区通顺路与顺恒大街交叉口,筹建中门店
永辉,马鞍山市 和县凡谷店,安徽省马鞍上市迎州路与和州路交口,筹建中门店
永辉,盐城市 阜宁金凡购物广场店,江苏省盐城市阜宁县通榆北路与向阳路交汇处,筹建中门店
永辉,渝北区 北城空港天地店,重庆市渝北区空港大道777号,筹建中门店
永辉,宁德市 古田中央名城点,福建省宁德市古田县六一四路中央名城（原造纸厂地块）9号楼,筹建中门店
永辉,普陀区 真如星光耀广场店,上海市普陀区曹杨路和潮州路口真如星光耀广场,筹建中门店
永辉,宝山区 龙湖北城天街店,上海市宝山区陆翔路黄海路交叉口东北角龙湖北城天街,筹建中门店
永辉,杭州市 理想银泰城店,浙江省杭州市临平世纪大道迎宾路西南角,筹建中门店
永辉,绵阳市 绵阳海珂花郡店,四川省绵阳市安县大南街与宜昌路交汇处西北角,筹建中门店
永辉,成都市 邛崃财富都会店,四川省成都市邛崃市君平大道与G318国道交汇处西北角,筹建中门店
永辉,昆明市 天宇时代广场店,云南省昆明市盘龙区铂金大道与盘龙一号路交叉口,筹建中门店
永辉,绵阳市 海悦银河城店,四川绵阳市游仙区沈家坝上街,筹建中门店
永辉,深圳市 海航城店,深圳市龙岗区龙岗街道办龙岗大道（碧新路）海航城,筹建中门店
永辉,福州市 王府城购物中心店,福建省福州市台江区八一七中路590号,筹建中门店
永辉,西安市 太乙城理想街区店,陕西省西安市碑林区南二环（太乙路）太乙城理想街区,筹建中门店
永辉,邢台市 盛世中央公馆店,河北省邢台市冶金路（莲池大街）盛世中央公馆,筹建中门店
永辉,遂宁市 射洪凯立现代城店,四川省遂宁市射洪县太和镇太和大道北段（枇杷街）凯立现代城,筹建中门店
永辉,龙岩市 上杭时代广场店,福建省上杭县金山路（北环路）帝豪时代广场,筹建中门店
永辉,深圳市 宇宏商业广场店,广东省深圳市龙岗区南湾街道布澜路宇宏商业广场,筹建中门店
永辉,福州市 永泰葛岭店,福建省福州市永泰县葛岭镇龟南洲沿203省道南侧,筹建中门店
永辉,成都市 新津时代广场店,四川省成都市新津县五津镇兴园三路抚江社区一组,筹建中门店
永辉,哈尔滨市 南直路店,黑龙江省哈尔滨市道外区南直路（大有坊街）汇雄生活汇,筹建中门店
永辉,乐山市 乐山黄金时代店,四川省乐山市夹江县v城镇体育大道黄金时代,筹建中门店
永辉,成都市 中节能世纪中心店,四川省成都市蒲江县鹤山镇健民路246号中节能世纪中心综合体,筹建中门店
永辉,贵阳市 迪拜城店,贵州省贵阳清镇市红枫街（红旗路）迪拜城,筹建中门店
永辉,泉州市 南安中骏世界城店,福建省南安市江北路（美林路）中骏世界城,筹建中门店
永辉,青浦区 青浦宝龙店,上海市青浦区赵巷镇金汇村盈港东路（汇金路）宝龙城市广场,筹建中门店
永辉,杭州市 新天地店,浙江省杭州市东新东路新天地,筹建中门店
永辉,成都市 锦天地店,四川省成都市成华区一环路东三段1号成都饭店.锦天地,筹建中门店
永辉,合肥市 禹洲中央广场店,安徽省合肥市肥东县长江东路（燎原路）禹洲中央广场,筹建中门店
永辉,泉州市 为为国际店,福建省泉州市泉港区祥云中路植物园南侧为为国际,筹建中门店
永辉,西安市 鸿基新城店,陕西省西安市高新区丈八北路206号鸿基新城,筹建中门店
永辉,泉州市 中骏商城店,福建省石狮市凤里街道镇中路（宝岛西路）中骏商城,筹建中门店
永辉,大渡口区 中房店,重庆市大渡口区大堰王村27号朝阳气体厂,筹建中门店
永辉,温州市 柳市现代广场店,浙江省乐清市柳市镇柳翁西路柳江路柳市现代广场,筹建中门店
永辉,巴南区 万象城市广场店,重庆市巴南区界石镇富城路（东城大道）万象城市广场,筹建中门店
永辉,洛阳市 圣域蓝湾店,河南省洛阳市老城区启明西路（班家街）圣域蓝湾,筹建中门店
永辉,郑州市 文化路店,河南省郑州市金水区文化路82号硅谷广场,筹建中门店
永辉,毕节市 樽憬财富广场店,贵州省毕节市同心路与碧阳大道交汇处,筹建中门店
永辉,成都市 金华财富广场店,四川省成都市新都区北新大道二段666号金华财富广场,筹建中门店
永辉,六盘水市 德源新天地店,贵州省六盘水盘县红果镇凤鸣路与杜鹃路交汇处,筹建中门店
永辉,浦东新区 康沈路店,上海市浦东新区周浦镇康沈路1483弄,筹建中门店
永辉,石家庄市 金恒基鹿城店,河北省石家庄市新华区新华路(中华北大街)金恒基・鹿城,筹建中门店
永辉,泸州市 合江太平洋广场店,四川省泸州市合江县荔城大道南1号,筹建中门店
永辉,江津区 遗爱池店,重庆市江津区遗爱池,筹建中门店
永辉,杭州市 城中街店,浙江省杭州市临安锦城街道城中街290号钱王财富广场,筹建中门店
永辉,成都市 龙联广场店,四川省成都市龙泉驿区航天南路与龙工南路交汇处,筹建中门店
永辉,贵阳市 中央大街店,贵州省六盘水市六枝特区人民路,筹建中门店
永辉,贵阳市 亚青城店,贵州省贵阳市小河区黄河路（麦兆巷路）亚青城,筹建中门店
永辉,合肥市 绿地中心店,安徽省合肥市包河区南二环（宿松路）绿地中心,筹建中门店
永辉,成都市 汇点广场店,四川省成都市武侯区武侯大道顺江段77号,筹建中门店
永辉,潼南县 华泰明珠店,重庆市潼南县江北新城,筹建中门店
永辉,成都市 汇融生活广场店,四川省成都市新都区大丰街道西三环,筹建中门店
永辉,淮南市 中环国际广场店,安徽省淮南市田家庵区朝阳路(广场路)中环国际广场,筹建中门店
永辉,淮南市 万国广场店,安徽省淮南市田家庵国庆路（人民路）万国广场,筹建中门店
永辉,东莞市 汉邦六六广场店,广东省东莞市厚街镇兴隆路66号汉邦六六广场,筹建中门店
永辉,江津区 荧鸿城店,重庆市江津区德感街道东江路777号,筹建中门店
永辉,成都市 泰和春天广场店,四川省成都市彭州市朝阳北路东(行政中路北),筹建中门店
永辉,合肥市 华冶新天地店,安徽省合肥市滨湖新区四川路（云谷路）华冶新天地,筹建中门店
永辉,石家庄市 北辰广场店,河北省石家庄市桥东区石纺路3号北辰广场,筹建中门店
永辉,成都市 顺城大街店,四川省成都市顺城大街289号富力广场,筹建中门店
永辉,漳州市 滨江新都汇店,福建省漳州市平和县河滨路北侧（文体中心西侧）,筹建中门店
永辉,焦作市 宏基中心广场店,河南省焦作市博爱县中山路（葵城路）宏基中心广场,筹建中门店
永辉,六安市 红街店,安徽省六安市金安区红街(梅山中路),筹建中门店
永辉,西安市 凤城四路店,陕西省西安市经开区未央大道（凤城四路）中登城市花园,筹建中门店
永辉,盘锦市 双兴南路店,辽宁省盘锦市双兴南路西,筹建中门店
永辉,鞍山市 人民路店,辽宁省鞍山市铁西区人民路706号,筹建中门店
永辉,西安市 十里铺店,陕西省西安市未央区凤城五路（渭滨路）,筹建中门店
永辉,唐山市 北新西道店,河北省唐山市路北区北新西道（学院路）中环广场,筹建中门店
永辉,南岸区 莫比星空店,重庆市南岸区六公里二塘M6地块莫比星空,筹建中门店
永辉,城口县 东大街店,重庆市城口县东大街邮政片区,筹建中门店
永辉,南平市 光泽桔子洲店,福建省南平市光泽县桔子洲,筹建中门店
永辉,安阳市 中华路店,河南省安阳市安东新区中华路(德隆街口）义乌国际商贸城,筹建中门店
永辉,安阳市 文峰店,河南省安阳市文峰大道（东工路）,筹建中门店
永辉,漳州市 明发广场店,福建省漳州市水仙大街（龙江路）,筹建中门店
永辉,郑州市 朱屯店,河南省郑州市农业路（朱屯西路口）东南,筹建中门店
永辉,洛阳市 王城大道店,河南省洛阳市王城大道（汉屯路口）,筹建中门店
永辉,郑州市 航海店,河南省郑州市中原区航海路(嵩山路口)东北,筹建中门店
永辉,郑州市 科学大道店,河南省郑州市高新技术开发区长椿路科学大道,筹建中门店
永辉,郑州市 汝河店,河南省郑州市中原区陇海路（桐柏南路口）中原新城,筹建中门店
永辉,合肥市 东风大道店,安徽省合肥市东风大道,筹建中门店
