品牌,商场名,地址,所属城市,格式化地址
沃尔玛,沃尔玛购物广场芜湖中山北路分店,安徽省芜湖市镜湖区中山北路与银湖南路交叉口,芜湖,安徽省芜湖市
沃尔玛,沃尔玛购物广场六安梅山路分店,安徽省六安市金安区皖西路与梅山路交叉口 新都会环球广场负一层,六安,安徽省六安市
沃尔玛,沃尔玛购物广场阜阳人民东路分店,安徽省阜阳市颍泉区人民东路香港财富广场地下第一层,阜阳,安徽省阜阳市
沃尔玛,沃尔玛购物广场亳州魏武广场分店,亳州市光明路魏武广场西侧新天地国际购物中心地下第一层,亳州,安徽省亳州市
沃尔玛,沃尔玛购物广场合肥翡翠路分店,安徽省合肥市经济技术开发区芙蓉路与翡翠路交叉口港澳广场地上二、三层,合肥,安徽省合肥市
沃尔玛,沃尔玛购物广场北京建国路分店,北京市朝阳区建国路93号院北京万达广场B座地下一层,北京,北京市
沃尔玛,沃尔玛购物广场北京昌平东关分店,北京市昌平区昌崔路203号果岭假日广场地上一层、二层、三层,北京,北京市
沃尔玛,沃尔玛购物广场延庆妫guī水北街分店,北京市延庆区延庆镇妫水北街39号金锣湾商业中心地下一层,北京,北京市
沃尔玛,沃尔玛购物广场北京清河分店,北京市海淀区清河中街68号五彩城二、三层 ,北京,北京市
沃尔玛,沃尔玛购物广场北京宣武门分店,北京市西城区宣武门外大街32号富卓花园广场,北京,北京市
沃尔玛,沃尔玛购物广场北京知春路分店,北京市海淀区知春路甲48号4号楼,北京,北京市
沃尔玛,沃尔玛购物广场北京大郊亭分店,朝阳区东四环路189号美罗城购物中心地下第一层,北京,北京市
沃尔玛,沃尔玛购物广场北京阳光店,北京市朝阳区安立路68号飘亮购物中心负一层,北京,北京市
沃尔玛,沃尔玛购物广场北京世纪城分店,北京市海淀区板井路69号楼1层-负2层,北京,北京市
沃尔玛,沃尔玛购物广场北京朝阳店,北京市朝阳区朝外大街12号,北京,北京市
沃尔玛,沃尔玛购物广场北京五棵松分店,北京市海淀区西翠路5号,北京,北京市
沃尔玛,沃尔玛购物广场重庆九龙广场分店,重庆市九龙坡区杨家坪西郊三村2号,重庆,重庆市
沃尔玛,沃尔玛购物广场重庆冉家坝分店,重庆市渝北区龙山大道111号龙湖紫都城,重庆,重庆市
沃尔玛,沃尔玛购物广场重庆松青路分店,重庆市大渡口区重庆市大渡口松青路负1-32号,重庆,重庆市
沃尔玛,沃尔玛购物广场重庆北城天街分店,重庆市江北区北城天街33号负1-100,重庆,重庆市
沃尔玛,沃尔玛购物广场重庆凤天分店,重庆市沙坪坝区凤天大道29号附71,重庆,重庆市
沃尔玛,沃尔玛购物广场万州太白路分店,重庆市万州区太白路99号三峡福斯德广场负一层,重庆,重庆市
沃尔玛,沃尔玛购物广场重庆渝北胜利路店,重庆市渝北区双凤桥街道胜利路129号金港国际购物中心,重庆,重庆市
沃尔玛,沃尔玛购物广场永川渝西广场分店,重庆市永川区渝西大道中段918号地下第一层,重庆,重庆市
沃尔玛, 沃尔玛购物广场重庆欣阳分店,重庆市沙坪坝区沙正街8号附1号,重庆,重庆市
沃尔玛, 沃尔玛购物广场重庆南坪店,重庆市南岸区南坪正街1号沃尔玛超市,重庆,重庆市
沃尔玛, 沃尔玛购物广场重庆大礼堂分店,重庆市渝中区人民路131,重庆,重庆市
沃尔玛,沃尔玛购物广场福州鼓山店,福建省福州市晋安区招贤路1号,福州,福建省福州市
沃尔玛,沃尔玛购物广场福州浦上大道分店,福州市仓山区浦上大道276号仓山完蛋广场一区3号楼B1层,福州,福建省福州市
沃尔玛,沃尔玛购物广场福州秀峰路分店,福州市晋安区新店镇坂中路6号 泰禾城市广场地下1层,福州,福建省福州市
沃尔玛,沃尔玛购物广场福州大利嘉分店,福州市台江区五一中路169号大利嘉城B区沃尔玛,福州,福建省福州市
沃尔玛,沃尔玛购物广场福州长城分店,福建省福州市鼓楼区六一北路615号长城广场沃尔玛购物广场,福州,福建省福州市
沃尔玛, 沃尔玛购物广场福州联信店,福州市五一南路1号联信大厦,福州,福建省福州市
沃尔玛, 沃尔玛购物广场福州东街店,福州市鼓楼区东街口杨桥东路8号,福州,福建省福州市
沃尔玛, 沃尔玛购物广场福州五里亭分店,福州市晋安区福马路199号,福州,福建省福州市
沃尔玛, 沃尔玛购物广场福州则徐分店,福州市仓山区则徐大道379号,福州,福建省福州市
沃尔玛, 沃尔玛购物广场福州富贵店,福州市鼓楼区东大路18号沃尔玛富贵店,福州,福建省福州市
沃尔玛,沃尔玛购物广场漳州丹霞路分店,福建省漳州市芗城区丹霞路122-124号凯德广场2-3楼沃尔玛,漳州,福建省漳州市
沃尔玛,沃尔玛购物广场晋江SM分店,福建省晋江市福埔开发区SM国际广场负一楼,晋江,福建省泉州市
沃尔玛,沃尔玛购物广场泉州江滨北路分店,泉州市鲤城区江滨北路沃尔玛,泉州,福建省泉州市
沃尔玛,沃尔玛购物广场石狮九二路分店,福建省石狮市九二路1118号狮城国际广场2-3F,石狮,福建省泉州市
沃尔玛,沃尔玛购物广场厦门洪文店,厦门市思明区莲前东路123号加州城市广场负二楼,厦门,福建省厦门市
沃尔玛,沃尔玛购物广场厦门海沧滨湖分店,厦门市海沧区滨湖北二路阿罗海城市广场60-80号,厦门,福建省厦门市
沃尔玛,沃尔玛购物广场厦门金山路分店,厦门市湖里区仙岳路与金山路交叉口万达广场负一层；,厦门,福建省厦门市
沃尔玛,沃尔玛购物广场厦门SM分店,福建省厦门市嘉禾路468号SM城市广场一期负一楼沃尔玛商场,厦门,福建省厦门市
沃尔玛,沃尔玛购物广场厦门世贸分店,福建省厦门市厦禾路888号世贸商城地下一层沃尔玛购物广场,厦门,福建省厦门市
沃尔玛, 沃尔玛购物广场厦门富山店,福建省厦门市思明区厦门湖滨南路398号,厦门,福建省厦门市
沃尔玛, 沃尔玛购物广场厦门聚祥分店,福建省厦门市禾祥西路609号聚祥沃尔玛,厦门,福建省厦门市
沃尔玛, 沃尔玛购物广场厦门东分店,厦门市思明区莲前东路288号瑞景商业广场负一层,厦门,福建省厦门市
沃尔玛,沃尔玛购物广场莆田文献东路分店,莆田市荔城区仓后路三信金鼎广场地下第一层,莆田,福建省莆田市
沃尔玛,沃尔玛购物广场莆田涵江分店,福建省莆田市涵江区塘北路288号地上二层、地上三层,莆田,福建省莆田市
沃尔玛,沃尔玛购物广场长乐广场路分店,长乐市航城街道广场路长乐长山湖广场地上第二、三层,长乐,福建省福州市
沃尔玛,沃尔玛购物广场宁德天湖东路分店,宁德市东侨区天湖东路8号宁德东方伟业广场地上第二、三层,宁德,福建省宁德市
沃尔玛,沃尔玛购物广场南安成功街分店,南安市柳城街道办事处成功街中段南侧东方伟业城市广场地上第二、三层,南安,福建省泉州市
沃尔玛,沃尔玛购物广场三明列东街分店,福建省三明市梅列区徐碧街东方伟业广场二、三层,三明,福建省三明市
沃尔玛,沃尔玛购物广场福鼎天湖路分店,福建省宁德市福鼎市五里牌天湖大道中汇广场第十三号楼2-3层,福鼎,福建省宁德市
沃尔玛,沃尔玛购物广场霞浦太康路分店,福建省宁德市霞浦县太康路363号,霞浦县,福建省宁德市
沃尔玛, 沃尔玛购物广场福清融侨店,福建省福清市国际商展中心一层,福清,福建省福州市
沃尔玛,沃尔玛购物广场佛山桂城分店,广东省佛山市南海区桂城南海大道北75号凯德广场负一层沃尔玛,佛山,广东省佛山市
沃尔玛,沃尔玛购物广场佛山季华分店,广东省佛山市禅城区季华五路36号印象城2-4层,佛山,广东省佛山市
沃尔玛,沃尔玛购物广场顺德东乐路分店,佛山市顺德区大良街道东乐路新一城购物广场地下第一层,佛山,广东省佛山市
沃尔玛,沃尔玛购物广场佛山高明东华路分店,佛山市高明区荷城街道东华路31号京柏城购物广场地上第二、三层,佛山,广东省佛山市
沃尔玛,沃尔玛购物广场佛山南海桂澜中路分店,广东省佛山市南海区桂城街道桂澜中路18号中海寰宇天下花园15座中海环宇城负一楼,佛山,广东省佛山市
沃尔玛, 沃尔玛购物广场佛山季华分店,佛山市禅城区季华路12号,佛山,广东省佛山市
沃尔玛, 沃尔玛购物广场佛山怡东店,佛山市禅城区锦华路85号东方广场之明珠城负一层,佛山,广东省佛山市
沃尔玛,沃尔玛购物广场东莞鸿福路分店,东莞市南城区鸿福路90号凯德广场2-3层,东莞,广东省东莞市
沃尔玛,沃尔玛购物广场东莞长安广场分店,长安镇长青街长安明珠广场负一层、一、二、三层部分,东莞,广东省东莞市
沃尔玛,沃尔玛购物广场东莞凤岗中心分店,东莞市凤岗镇永盛北路1号财富新地大厦地上第二、三层,东莞,广东省东莞市
沃尔玛,沃尔玛购物广场黄江环城路分店,广东省东莞市黄江镇环城路星光城购物中心一、二层,东莞,广东省东莞市
沃尔玛,沃尔玛购物广场莞城凤来路分店,东莞市莞城区凤来路和向阳路交汇处西城楼大街北区4号楼,东莞,广东省东莞市
沃尔玛,沃尔玛购物广场东莞南城宏图路分店,广东省东莞市南城区宏图路中天中央广场二、三层,东莞,广东省东莞市
沃尔玛,沃尔玛购物广场东莞塘厦莲湖分店,东莞市塘厦镇塘厦大道中79号盈锋莲湖广场地上第二层及地上第三层,东莞,广东省东莞市
沃尔玛,沃尔玛购物广场东莞大岭山玉屏路分店,东莞市大岭山镇矮岭冚107国道旁领尚天地第10栋集中商业区二三楼。,东莞,广东省东莞市
沃尔玛,沃尔玛购物广场大朗富华中路分店,东莞市大朗镇富华中路181号,东莞,广东省东莞市
沃尔玛,沃尔玛购物广场东莞石龙东升路分店,东莞市石龙镇中山东社区东升路18号汇星商业中心1号商业楼地上第二层及地上第三层,东莞,广东省东莞市
沃尔玛,沃尔玛购物广场东莞东湖店,广东省东莞市城区东纵大道东湖花园首层,东莞,广东省东莞市
沃尔玛, 沃尔玛购物广场东莞世博分店,东莞市东城区岗贝东城大道世博广场B区首层至三层,东莞,广东省东莞市
沃尔玛, 沃尔玛购物广场东莞长安分店,东莞市长安镇霄边大街208号阳光国际商城霄边沃尔玛,东莞,广东省东莞市
沃尔玛, 沃尔玛购物广场东莞虎门分店,东莞市虎门镇太沙路64号虎门德兴花园步行街A-G栋,东莞,广东省东莞市
沃尔玛,沃尔玛购物广场湛江康顺路分店,湛江椹川大道北376号凯德广场二、三楼,湛江,广东省湛江市
沃尔玛,沃尔玛购物广场湛江人民大道南分店,湛江市霞山区人民大道南与民享西路交汇处国贸城市广场地下第一、二层、地上第一、五层,湛江,广东省湛江市
沃尔玛,沃尔玛购物广场遂溪遂海路分店,广东省湛江市遂溪县遂城镇遂海路36号的全丰中央广场地下第一层,湛江,广东省湛江市
沃尔玛, 沃尔玛购物广场湛江赤坎店,广东省湛江市赤坎区中山一路2号世贸大厦首层至三层,湛江,广东省湛江市
沃尔玛,沃尔玛购物广场茂名文化广场分店,广东省茂名市西粤中路8号,茂名,广东省茂名市
沃尔玛,沃尔玛购物广场韶关新华南路分店,韶关市武江区新华南路16号世纪新城广场2-3层,韶关,广东省韶关市
沃尔玛,沃尔玛购物广场肇庆端州四路分店,肇庆市端州四路牌坊广场东侧凯德广场2~3楼,肇庆,广东省肇庆市
沃尔玛,沃尔玛购物广场肇庆康乐北路分店,肇庆市康乐北路9号国际新天地地上第二、三层,肇庆,广东省肇庆市
沃尔玛,沃尔玛购物广场肇庆广宁环城东路分店,肇庆市广宁县南街镇环城东路广宁商业步行街F区地上第一、二层,肇庆,广东省肇庆市
沃尔玛,沃尔玛购物广场拱北迎宾南路分店,珠海市岭南路68号负一层商业,珠海,广东省珠海市
沃尔玛,沃尔玛购物广场珠海前山分店,广东省珠海市香洲区前山招商花园城二期沃尔玛购物广场,珠海,广东省珠海市
沃尔玛,沃尔玛购物广场中山港义路分店,广东省中山市火炬开发区东镇东一路23号负一层,中山,广东省中山市
沃尔玛,沃尔玛购物广场英德利民路分店,英德市英城建设路东利民路南英州明珠广场二、三层,英德,广东省清远市
沃尔玛,沃尔玛购物广场吴川同德城分店,广东省吴川市同德路128号同德城地上第二、三层,吴川,广东省湛江市
沃尔玛,沃尔玛购物广场广州白云新城分店,广东省广州市白云区云城南二路187号103房,广州,广东省广州市
沃尔玛, 沃尔玛购物广场广州天河店,广州市天河区天河棠下村口中山大道南,广州,广东省广州市
沃尔玛, 沃尔玛购物广场广州海珠分店,广州市海珠区昌岗中路221号信和豪庭地下一层,广州,广东省广州市
沃尔玛, 沃尔玛购物广场广州广源分店,广州市白云区广源新村景泰直街33号,广州,广东省广州市
沃尔玛, 沃尔玛购物广场广州淘金分店,广州市越秀区淘金路淘金街6-8号,广州,广东省广州市
沃尔玛, 沃尔玛购物广场广州番禺分店,广东省广州市番禺区石基镇东兴路476号,广州,广东省广州市
沃尔玛, 沃尔玛购物广场广州广雅分店,广州市荔湾区环市西路52号,广州,广东省广州市
沃尔玛, 沃尔玛购物广场广州新市店,广东省广州市白云区机场路1111号,广州,广东省广州市
沃尔玛, 沃尔玛购物广场广州云景分店,广州市白云区同和中云景路4号,广州,广东省广州市
沃尔玛, 沃尔玛购物广场广州黄埔店,广州市黄埔区石化路123号,广州,广东省广州市
沃尔玛, 沃尔玛购物广场广州黄花岗店,广州市越秀区先烈中路92号黄花岗文化广场商贸楼二\三楼,广州,广东省广州市
沃尔玛, 沃尔玛购物广场广州新港店,广东省广州市海珠区新港中路356号丽影广场负一、二层,广州,广东省广州市
沃尔玛, 沃尔玛购物广场广州南洲店,广州市海珠区盈中路好信街8号好信广场,广州,广东省广州市
沃尔玛, 沃尔玛购物广场广州芳村店,广州市荔湾区花地大道北93-103号花地城广场地下负一层、首至三层,广州,广东省广州市
沃尔玛, 沃尔玛购物广场广州黄石分店,广州市白云区黄石东路120号盈月居首层至负一层商场,广州,广东省广州市
沃尔玛,沃尔玛购物广场惠州文明一路分店,惠州市惠城区江北18号小区意生购物广场地下第一层,惠州,广东省惠州市
沃尔玛,沃尔玛购物广场惠州鹅岭西路分店,惠州市鹅岭西路31号百利通广场第一层,惠州,广东省惠州市
沃尔玛,沃尔玛购物广场惠州澳头分店,广东省惠州大亚湾区安惠大道64号蓝湾半岛二楼,惠州,广东省惠州市
沃尔玛,沃尔玛购物广场惠州仲恺大道分店,惠州市仲恺高新区陈江街道金湖路1号,惠州,广东省惠州市
沃尔玛,沃尔玛购物广场惠州崇雅分店,广东省惠州市惠阳区淡水镇南门北路印象汇广场2-3层,惠州,广东省惠州市
沃尔玛,沃尔玛购物广场惠州演达路分店,惠州市惠城区河南岸港惠新天地二、三层,惠州,广东省惠州市
沃尔玛,沃尔玛购物广场惠东飞鹅岭分店,广东省惠州市惠东县平山惠东大道489号沃尔玛飞鹅岭分店,惠州,广东省惠州市
沃尔玛,沃尔玛购物广场汕头金砂东路分店,汕头市金砂路179号合信星湖商业城地下一层(帝豪酒店斜对面）,汕头,广东省汕头市
沃尔玛,沃尔玛购物广场河源中山大道分店,河源市源城区中山大道218号 万隆城广场地下一层,河源,广东省河源市
沃尔玛,沃尔玛购物广场河源越王大道分店,河源市源城区越王大道139号负一楼,河源,广东省河源市
沃尔玛,沃尔玛购物广场阳江西平北路分店,广东省阳江市江城区西平北路363号地上第二层和地上第三层,阳江,广东省阳江市
沃尔玛,沃尔玛购物广场廉江廉江大道分店,广东省湛江市廉江市百信国际广场沃尔玛廉江大道分店,廉江,广东省湛江市
沃尔玛,沃尔玛购物广场清远先锋东路分店,广东省清远市清城区先锋东路3号世纪荟广场,清远,广东省清远市
沃尔玛,沃尔玛购物广场普宁广达北路分店,广东省揭阳市普宁市流沙市区环市北路南侧广达北路东侧,普宁,广东省揭阳市
沃尔玛,沃尔玛购物广场深圳中山分店,深圳市罗湖区凤凰路12号中山花园裙楼1-3楼沃尔玛购物广场,深圳,广东省深圳市
沃尔玛,沃尔玛购物广场深圳福星分店,福田区福星路福民楼D、E、F、1-2楼,深圳,广东省深圳市
沃尔玛,沃尔玛购物广场深圳蛇口分店,蛇口工业大道四海加油站右侧,深圳,广东省深圳市
沃尔玛,沃尔玛购物广场深圳华侨城分店,深圳市华侨城中旅广场群楼沃尔玛,深圳,广东省深圳市
沃尔玛,沃尔玛购物广场深圳西乡前进路分店,深圳市宝安西乡前进一路482号沃尔玛,深圳,广东省深圳市
沃尔玛,沃尔玛购物广场深圳布吉大芬分店,深圳市龙岗区布吉镇大芬村深惠公路旁龙吉大厦一至三层,深圳,广东省深圳市
沃尔玛,沃尔玛购物广场深圳洪湖店,深圳市罗湖区洪湖路湖景花园,深圳,广东省深圳市
沃尔玛,沃尔玛购物广场深圳布吉锦龙路分店,深圳市龙岗区布吉锦龙路万科生活广场负一层沃尔玛,深圳,广东省深圳市
沃尔玛,沃尔玛购物广场松岗东方大道分店,深圳市宝安区松岗街道东方大道36号联投东方PARK-B1001铺,深圳,广东省深圳市
沃尔玛,沃尔玛购物广场龙岗龙平东路分店,深圳市龙岗区龙平东路203号东方瑞景苑A区地上第二、三层,深圳,广东省深圳市
沃尔玛,沃尔玛购物广场深圳燕南路分店,深圳市福田区燕南路88号中泰燕南名庭二楼、三楼,深圳,广东省深圳市
沃尔玛,沃尔玛购物广场深圳景田分店,深圳市福田区香梅北路2001号（原山姆会员店）,深圳,广东省深圳市
沃尔玛,沃尔玛购物广场深圳横岗西分店,深圳市龙岗区龙岗大道（横岗段）2999麟恒中心广场一期127号商铺,深圳,广东省深圳市
沃尔玛,沃尔玛购物广场深圳龙岗建设路分店,深圳市龙岗中心城5区建设路28号宝钜商业大厦,深圳,广东省深圳市
沃尔玛,沃尔玛购物广场深圳龙岗峦山谷分店,深圳市龙岗区宝龙工业城振业峦山谷花园（一期）2、3栋商场复式117号大厦地上第一层,深圳,广东省深圳市
沃尔玛,沃尔玛购物广场深圳宝安沙井分店,广东省深圳市宝安区沙井镇沙井街道新沙路西荟城购物广场,深圳,广东省深圳市
沃尔玛,沃尔玛购物广场深圳龙华人民南路分店,深圳龙华新区人民南路水榭春天负一层,深圳,广东省深圳市
沃尔玛,沃尔玛购物广场深圳宝安金海路分店,广东省深圳市宝安区宝安大道与金海路交汇处金港华庭沃尔玛地上1-3层,深圳,广东省深圳市
沃尔玛,沃尔玛购物广场深圳新安罗田分店,深圳市宝安区新湖路君逸世家地下第一层及地上第一层,深圳,广东省深圳市
沃尔玛, 沃尔玛购物广场深圳翠竹分店,广东省深圳市罗湖区翠竹路旭飞华达园负一层,深圳,广东省深圳市
沃尔玛, 沃尔玛购物广场深圳大益店,深圳市宝安区西乡大道大益广场商场1-3层,深圳,广东省深圳市
沃尔玛, 沃尔玛购物广场深圳红岭店,深圳市福田区八卦二路旭飞花园B栋1-2层,深圳,广东省深圳市
沃尔玛, 沃尔玛购物广场深圳嘉宾店,广东省深圳市罗湖区书城路1号都市名园裙楼,深圳,广东省深圳市
沃尔玛, 沃尔玛购物广场深圳坪地龙岗大道分店,深圳市龙岗区坪地街道龙岗大道3018号宜城广场A区1楼01号铺、A区负1楼01号铺,深圳,广东省深圳市
沃尔玛,沃尔玛购物广场南宁朝阳路分店,广西南宁市兴宁区青云街18号悦荟广场沃尔玛,南宁,广西壮族自治区南宁市
沃尔玛,沃尔玛购物广场南宁民族大道分店,广西南宁市青秀区南宁民族大道131号航洋国际购物中心负二层,南宁,广西壮族自治区南宁市
沃尔玛,沃尔玛购物广场南宁明秀西路分店,南宁市西乡塘区明秀西路111号正恒国际广场负一楼,南宁,广西壮族自治区南宁市
沃尔玛,沃尔玛购物广场南宁永和路分店,广西省南宁市西乡塘区永和路19号沃尔玛超市,南宁,广西壮族自治区南宁市
沃尔玛,沃尔玛购物广场南宁长堽西路分店,南宁市兴宁区望州南路90号时代茗城,南宁,广西壮族自治区南宁市
沃尔玛,沃尔玛购物广场桂林中山北路分店,桂林市叠彩区中山北路597号广运美居沃尔玛,桂林,广西壮族自治区桂林市
沃尔玛,沃尔玛购物广场钦州钦州湾大道分店,广西钦州市钦州湾大道年年丰广场地上第二/三层,钦州,广西壮族自治区钦州市
沃尔玛,沃尔玛购物广场广西来宾桂中大道分店,广西省来宾市桂中大道368号大地景苑 方盛广场,来宾,广西壮族自治区来宾市
沃尔玛,沃尔玛购物广场梧州新兴二路分店,梧州市新兴二路130号,梧州,广西壮族自治区梧州市
沃尔玛,沃尔玛购物广场贵阳沙冲路分店,贵州省贵阳市南明区 沙冲路 贵铁新苑地下一层,贵阳,贵州省贵阳市
沃尔玛,沃尔玛购物广场贵阳人民广场分店,贵州省贵阳市南明区遵义路人民广场地下商场,贵阳,贵州省贵阳市
沃尔玛,沃尔玛购物广场贵阳贵乌北路分店,贵州省贵阳市贵乌北路187号中大国际,贵阳,贵州省贵阳市
沃尔玛,沃尔玛购物广场贵阳黄河路店,贵州省贵阳市小河区黄河路42号沃尔玛购物广场,贵阳,贵州省贵阳市
沃尔玛,沃尔玛购物广场贵阳林城西路分店,贵州省贵阳市观山湖区诚信北路8号,贵阳,贵州省贵阳市
沃尔玛,沃尔玛购物广场六盘水钟山中路分店,贵州省六盘水市钟山中路沃尔玛购物广场钟山中路分店,六盘水,贵州省六盘水市
沃尔玛,沃尔玛购物广场遵义春天堡分店,遵义市红花岗区外环路财富国际广场地上第二、三层　,遵义,贵州省遵义市
沃尔玛,沃尔玛购物广场遵义纪念广场分店,贵州省遵义市红花岗区老城新街A区沃尔玛（贵州）百货有限公司遵义纪念广场分店,遵义,贵州省遵义市
沃尔玛,沃尔玛购物广场毕节文博路分店,贵州省毕节市七星关区南部新区招商花园城沃尔玛,毕节市,贵州省毕节市
沃尔玛,沃尔玛购物广场廊坊朝阳分店,河北省廊坊市广阳区爱民道与和平路交口,廊坊,河北省廊坊市
沃尔玛,沃尔玛购物广场保定朝阳大街分店,河北省保定市新市区朝阳北大街99号 万博广场负一层,保定,河北省保定市
沃尔玛,沃尔玛购物广场邯郸东柳大街分店,邯郸市丛台路与东柳大街交叉口中道广场地下第一层,邯郸,河北省邯郸市
沃尔玛,沃尔玛购物广场石家庄南三条分店,唐山市路南区新华东道100号万达广场负一层沃尔玛超市,唐山,河北省唐山市
沃尔玛,,河北省邢台市桥东区中兴东大街18号世贸天街负一层沃尔玛超市,邢台,河北省邢台市
沃尔玛,沃尔玛购物广场三河燕郊神威北路分店,河北省廊坊市三河市燕郊开发区神威北路与燕灵路交汇处鑫乐汇购物广场负一层,三河,河北省廊坊市
沃尔玛,沃尔玛购物广场哈尔滨友谊路分店,黑龙江省哈尔滨道里区友谊路187号,哈尔滨,黑龙江省哈尔滨市
沃尔玛,沃尔玛购物广场哈尔滨先锋路分店,哈尔滨市道外区先锋路475号,哈尔滨,黑龙江省哈尔滨市
沃尔玛, 沃尔玛购物广场哈尔滨十字街分店,黑龙江哈尔滨市南岗区十字街58号,哈尔滨,黑龙江省哈尔滨市
沃尔玛, 沃尔玛购物广场哈尔滨安埠分店,黑龙江省哈尔滨市香坊区安埠街300号,哈尔滨,黑龙江省哈尔滨市
沃尔玛,沃尔玛购物广场齐齐哈尔解放门分店,齐齐哈尔市清真路18号中瑞商城地上第二层及第三层,齐齐哈尔,黑龙江省齐齐哈尔市
沃尔玛,沃尔玛购物广场安阳人民大道分店,河南省安阳市北关区人民大道86号,安阳,河南省安阳市
沃尔玛,沃尔玛购物广场郑州中原西路分店,河南省郑州市中原区中原路与秦岭路交汇处万达广场地下第一层,郑州,河南省郑州市
沃尔玛,沃尔玛购物广场商丘民主路分店,河南省商丘市梁园区民主路与凯旋路交叉口向西100米路北,商丘,河南省商丘市
沃尔玛,沃尔玛购物广场信阳人民路分店,河南省信阳市浉河区人民路与民权路交叉口,信阳,河南省信阳市
沃尔玛,沃尔玛购物广场鹤壁鹤煤大道分店,河南省鹤壁市鹤煤大道与兴鹤大街交叉口417号银兴国际广场2至3层,鹤壁,河南省鹤壁市
沃尔玛,沃尔玛购物广场武汉中山大道分店,武汉市江汉区民生路176路,武汉,湖北省武汉市
沃尔玛,沃尔玛购物广场武汉徐东大街分店,湖北省武汉市武昌区徐东大街18#,武汉,湖北省武汉市
沃尔玛,沃尔玛购物广场武汉汉西店,武汉市硚口区解放大道201号大武汉家装G栋地上第二、三层,武汉,湖北省武汉市
沃尔玛,沃尔玛购物广场武汉王家湾店,湖北省武汉市汉阳区龙阳大道特6号,武汉,湖北省武汉市
沃尔玛,沃尔玛购物广场武汉南湖花园分店,湖北省武汉市武昌区武汉市武昌区丁字桥南路520号南湖城市广场地上第二、三层,武汉,湖北省武汉市
沃尔玛,沃尔玛购物广场武汉钟家村分店,湖北省武汉市汉阳大道137号汉商银座F栋地下一层沃尔玛购物广场,武汉,湖北省武汉市
沃尔玛,沃尔玛购物广场武汉光谷分店,湖北省武汉市东湖新技术开发区关山大道475号,武汉,湖北省武汉市
沃尔玛,沃尔玛购物广场武汉黄陂广场分店,武汉市黄陂区黄陂达到黄陂广场第二、三层,武汉,湖北省武汉市
沃尔玛,沃尔玛购物广场武汉马场角分店,武汉市江汉区新华西路菱角湖万达广场地下第一层,武汉,湖北省武汉市
沃尔玛,沃尔玛购物广场武汉和平大道分店,武汉市青山区和平大道809号奥山世纪城地下一层,武汉,湖北省武汉市
沃尔玛,沃尔玛购物广场武汉沌口分店,武汉市经济开发区东风大道111号经开万达广场室内步行街负一层,武汉,湖北省武汉市
沃尔玛,沃尔玛购物广场武汉东西湖店,武汉市东西湖区东吴大道1160号海林·阳光城地上二、三层,武汉,湖北省武汉市
沃尔玛, 沃尔玛购物广场武汉长青店,湖北省武汉市江岸区黄兴路28号,武汉,湖北省武汉市
沃尔玛, 沃尔玛购物广场武汉杨家湾分店,武汉市洪山区卓刀泉路271号五环天地负一层 ,武汉,湖北省武汉市
沃尔玛,沃尔玛购物广场荆州北京中路分店,湖北荆州市沙市区北京中路平安美佳华购物广场2、3层,荆州,湖北省荆州市
沃尔玛,沃尔玛购物广场襄阳长虹路分店,湖北省襄阳市樊城区长虹路民发商业广场2、3楼,襄阳,湖北省襄阳市
沃尔玛,沃尔玛购物广场宜昌夷陵广场分店,宜昌市夷陵路22号中心商务区购物中心广场地上第二、三层,宜昌,湖北省宜昌市
沃尔玛,沃尔玛购物广场宜昌九码头分店,宜昌市伍家岗区沿江大道万达广场地下第一层,宜昌,湖北省宜昌市
沃尔玛,沃尔玛购物广场荆门虎牙关大道分店,湖北省荆门市虎牙关大道11号星球商业中心负一楼,荆门,湖北省荆门市
沃尔玛,沃尔玛购物广场黄石武汉路分店,沃尔玛购物广场黄石武汉路分店,黄石,湖北省黄石市
沃尔玛,沃尔玛购物广场咸宁温泉路店,湖北省咸宁市温泉路35号,咸宁,湖北省咸宁市
沃尔玛,沃尔玛购物广场将军路店,麻城市将军路54号和陵园路交汇处麻城广场,麻城,湖北省黄冈市
沃尔玛,沃尔玛购物广场黄冈红安沿河路分店,湖北省黄冈市红安县沿河路11号盛地沃尔玛广场地上二楼至三楼,黄冈,湖北省黄冈市
沃尔玛,沃尔玛购物广场赤壁河北大道分店,湖北省赤壁市河北大道47号地上第二层至地上第三层,赤壁,湖北省咸宁市
沃尔玛,沃尔玛购物广场天门新城分店,湖北省天门市开发区西湖南路1号,天门,湖北省天门市
沃尔玛,沃尔玛购物广场洪湖宏伟南路分店,洪湖市宏伟南路天远时代广场A区,洪湖,湖北省荆州市
沃尔玛,沃尔玛购物广场汉川西正街分店,湖北省汉川市仙女山街道办事处西正街汉海国际广场2-3楼,汉川,湖北省孝感市
沃尔玛,沃尔玛购物广场应城分店,湖北省应城市蒲阳大道特8号（中央广场）,应城市,湖北省孝感市
沃尔玛,沃尔玛购物广场仙桃黄金大道分店,中国湖北省仙桃市宏达南路1号,仙桃,湖北省仙桃市
沃尔玛,沃尔玛购物广场孝感长征路分店,湖北省孝感市长征路23号保丽国际广场,孝感,湖北省孝感市
沃尔玛,沃尔玛购物广场长沙雨花亭分店,长沙市雨花区韶山中路421号凯德广场2-3层沃尔玛购物广场,长沙,湖南省长沙市
沃尔玛,沃尔玛购物广场长沙梅溪湖分店,湖南省长沙市岳麓区环湖路1177号金茂广场负二楼,长沙,湖南省长沙市
沃尔玛,沃尔玛购物广场长沙黄兴南路分店,湖南省长沙市天心区黄兴南路443号悦荟购物广场2-3楼 ,长沙,湖南省长沙市
沃尔玛,沃尔玛购物广场岳阳巴陵中路分店,湖南省岳阳市巴陵中路泰和商业广场一楼、二楼沃尔玛岳阳分店,岳阳,湖南省岳阳市
沃尔玛,沃尔玛购物广场岳阳青年东路分店,岳阳市岳阳楼区青年东路与通海路交汇处鑫公馆,岳阳,湖南省岳阳市
沃尔玛,沃尔玛购物广场娄底春园分店,湖南省娄底市娄星区春园商业步行街银街沃尔玛负一楼,娄底,湖南省娄底市
沃尔玛,沃尔玛购物广场娄底大汉路分店,湖南省娄底市经济技术开发区香茅街五江建材城2-3城,娄底,湖南省娄底市
沃尔玛,沃尔玛购物广场娄底新化分店,湖南省娄底市新化县梅苑南路 世贸城市广场,娄底,湖南省娄底市
沃尔玛,沃尔玛购物广场郴州五岭广场分店,郴州市五岭广场新天地二 、三楼,郴州,湖南省郴州市
沃尔玛,沃尔玛购物广场益阳桃花仑西路分店,益阳市桃花仑西路555号益阳深国投商业中心地上第二层及地上第三层,益阳,湖南省益阳市
沃尔玛,沃尔玛购物广场攸县大巷路分店,湖南省株洲市攸县城关镇大巷路东华商业广场地上第二、三层,株洲,湖南省株洲市
沃尔玛,沃尔玛购物广场株洲神农城分店,湖南省株洲市天元区珠江南路599号神农太阳城大厦第一层,株洲,湖南省株洲市
沃尔玛,沃尔玛购物广场冷水江锑都中路分店,湖南省冷水江市锑都中路与新城路交汇处东苑国际商业广场地上第二层至第三层,冷水江,湖南省娄底市
沃尔玛,沃尔玛购物广场包头文化路分店,内蒙古包头市青山区幸福路4号时代财富城地下第一层,包头,内蒙古自治区包头市
沃尔玛,沃尔玛购物广场鄂尔多斯分店,内蒙古自治区鄂尔多斯市东胜区准格尔北路16号,鄂尔多斯,内蒙古自治区鄂尔多斯市
沃尔玛,沃尔玛购物广场通辽和平路分店,内蒙古通辽市科尔沁区永清大街与和平路交口,通辽,内蒙古自治区通辽市
沃尔玛,赤峰玉龙大街分店,内蒙古赤峰市松山区-新城区玉龙大街与天义路交汇处上海城地下第一层（市政府南侧）,赤峰市,内蒙古自治区赤峰市
沃尔玛,沃尔玛购物广场常州通江中路分店,江苏省常州市新北区通江中路88号万达广场负一楼,常州,
沃尔玛,沃尔玛购物广场扬州四望亭路分店,江苏省扬州市邗江区扬子江路与四望亭路交叉口东北角,扬州,江苏省扬州市
沃尔玛,沃尔玛购物广场太仓府南街分店,江苏省苏州市太仓市城厢镇府南街21号,太仓,江苏省苏州市
沃尔玛,沃尔玛购物广场镇江谷阳路分店,镇江市新区丁卯桥路北与谷阳路东交界处的沃得广场地上第二、三层,镇江,江苏省镇江市
沃尔玛,沃尔玛购物广场吴江江兴西路分店,江苏省苏州市吴江区江兴西路469号正翔商业广场二楼,吴江,江苏省苏州市
沃尔玛,沃尔玛购物广场徐州解放路分店,江苏省徐州市云龙区和平路与解放路交叉口,徐州,江苏省徐州市
沃尔玛,沃尔玛购物广场南京桥北路分店,江苏省南京市浦口区大桥北路58号,南京,江苏省南京市
沃尔玛,沃尔玛购物广场南京水西门大街分店,南京市建邺区江东中路98号万达广场地下第一层及地上第二、三层,南京,江苏省南京市
沃尔玛,沃尔玛购物广场南京赛虹桥分店,南京市雨花台区应天大街619号虹悦城负一层,南京,江苏省南京市
沃尔玛,沃尔玛购物广场南京新街口分店,南京市秦淮区洪武路88号悦荟广场2-3楼,南京,江苏省南京市
沃尔玛, 沃尔玛购物广场南京秦淮店,南京市秦淮区长乐路132号,南京,江苏省南京市
沃尔玛, 沃尔玛购物广场南京迈皋桥店,南京市和燕路348号,南京,江苏省南京市
沃尔玛,沃尔玛购物广场如皋中山西路分店,江苏省如皋市中山西路1号,如皋,江苏省南通市
沃尔玛, 沃尔玛购物广场无锡太湖店,无锡市春申路69号,无锡,江苏省无锡市
沃尔玛, 沃尔玛购物广场无锡金城店,江苏省无锡市南长区五星家园123号,无锡,江苏省无锡市
沃尔玛, 沃尔玛购物广场苏州南门店,苏州市东吴北路288号,苏州,江苏省苏州市
沃尔玛,沃尔玛购物广场南昌解放西路分店,江西省南昌市青云谱区解放西路87号,南昌,江西省南昌市
沃尔玛,沃尔玛购物广场南昌八一广场分店,江西省南昌市东湖区八一大道北333号南昌沃尔玛八一店,南昌,江西省南昌市
沃尔玛,沃尔玛购物广场南昌青山南路店,江西省南昌市东湖区青山南路72号蓝天碧水沃尔玛,南昌,江西省南昌市
沃尔玛, 沃尔玛购物广场南昌象湖店,江西省南昌市青云谱区三店西路488号,南昌,江西省南昌市
沃尔玛,沃尔玛购物广场南昌县澄湖东路分店,江西南昌县莲塘镇澄湖东路1111号沃尔玛,南昌县,江西省南昌市
沃尔玛,沃尔玛购物广场景德镇广场南路分店,江西省景德镇市珠山区广场南路开门子购物广场B1层,景德镇,江西省景德镇市
沃尔玛,沃尔玛购物广场九江庐山南路分店,江西省九江市庐山南路265-267号名湖广场第二、三层,九江,江西省九江市
沃尔玛,沃尔玛购物广场鹰潭站江路分店,鹰潭胜利西路29号沃尔玛购物广场,鹰潭,江西省鹰潭市
沃尔玛,沃尔玛购物广场抚州赣东大道店,江西省抚州市赣东大道345号地下一层、地下二层,抚州,江西省抚州市
沃尔玛,沃尔玛购物广场丰城人民路分店,江西省丰城市建设路133号,丰城,江西省宜春市
沃尔玛,沃尔玛购物广场萍乡绿茵广场分店,江西省萍乡市安源区凤凰街绿茵广场地下二层,萍乡,江西省萍乡市
沃尔玛,沃尔玛购物广场新余抱石公园分店,江西省新余市公园北路68号高能广场沃尔玛,新余,江西省新余市
沃尔玛,沃尔玛购物广场吉安人民广场分店,江西省吉安市吉州区人民广场北新世界广场地下一层,吉安,江西省吉安市
沃尔玛,沃尔玛购物广场分宜县府前路分店,江西省新余市分宜县府前路1号梦时代广场,分宜,江西省新余市
沃尔玛,沃尔玛购物广场长春前进广场分店,吉林省长春市高薪技术开发区前进大街2058号,长春,吉林省长春市
沃尔玛,沃尔玛购物广场长春临河街分店,长春市经济技术开发区临河街3157号天地十二坊天地大厦地下一层,长春,吉林省长春市
沃尔玛,沃尔玛购物广场长春博学路分店,长春市净月开发区博学路1555号,长春,吉林省长春市
沃尔玛,沃尔玛购物广场长春重庆路分店,吉林省长春市朝阳区重庆路1268号,长春,吉林省长春市
沃尔玛,沃尔玛购物广场松原伯都讷大街分店,松原市宁江区伯都讷南街1号东镇城市广场 ,松原,吉林省松原市
沃尔玛,沃尔玛购物广场大连新天地广场分店,辽宁省大连市西安路福佳新天地99D沃尔玛百货有限公司,大连,辽宁省大连市
沃尔玛,沃尔玛购物广场大连周水前店,大连市甘井子区华北路（甘）10C-B1-2号,大连,辽宁省大连市
沃尔玛,沃尔玛购物广场大连金州五一路分店,辽宁省大连市金州新区光明街道北山路1416号,大连,辽宁省大连市
沃尔玛,沃尔玛购物广场大连奥林匹克广场店,大连市西岗区奥林匹克广场2号,大连,辽宁省大连市
沃尔玛,沃尔玛购物广场大连华南分店,辽宁省大连市甘井子区中华西路6号,大连,辽宁省大连市
沃尔玛, 沃尔玛购物广场大连安盛分店,大连市开发区金马路195号,大连,辽宁省大连市
沃尔玛, 沃尔玛购物广场大连学苑分店,辽宁省大连市沙河口区数码路南段15号-3层,大连,辽宁省大连市
沃尔玛, 沃尔玛购物广场大连旅顺分店,辽宁省大连市旅顺口区黄河路26.26-9号,大连,辽宁省大连市
沃尔玛,沃尔玛购物广场沈阳长青店,辽宁省沈阳市沈河区长青街121号,沈阳,辽宁省沈阳市
沃尔玛,沃尔玛购物广场沈阳太原街分店,沈阳市和平区中华路9号,沈阳,辽宁省沈阳市
沃尔玛,沃尔玛（辽宁）百货有限公司锦州解放路分店,辽宁省锦州市凌河区五段33号 地下一层,锦州,辽宁省锦州市
沃尔玛,沃尔玛购物广场西安金花南路分店,陕西省西安市碑林区金花南路6号,西安,陕西省西安市
沃尔玛,沃尔玛购物广场西安骡马市分店,西安市碑林区东大街骡马市1号兴正元广场南区地下一层,西安,陕西省西安市
沃尔玛,沃尔玛购物广场西安未央路分店,陕西省西安市未央区凤城五路富力广场1-4层,西安,陕西省西安市
沃尔玛,沃尔玛购物广场西安雁塔路店,西安市碑林区雁塔路西安万达商业广场地下第一层,西安,
沃尔玛, 沃尔玛购物广场西安莲湖分店,陕西省西安市西大街276号安定广场3号楼,西安,陕西省西安市
沃尔玛,沃尔玛购物广场淄博柳泉路分店,山东省淄博市张店区柳泉路67号,淄博,山东省淄博市
沃尔玛,沃尔玛购物广场潍坊东风东街分店,山东省潍坊市奎文区东风东街7819号沃尔玛购物广场,潍坊,山东省潍坊市
沃尔玛,沃尔玛购物广场神道路分店,山东省济宁市任城区玄帝庙街太白商业广场地上一二层,济宁,山东省济宁市
沃尔玛,沃尔玛购物广场济南泉城路分店,山东省济南市历下区泉城路339号,济南,山东省济南市
沃尔玛,沃尔玛购物广场烟台天府街分店,山东省青岛市市北区台东三路63号,青岛,山东省青岛市
沃尔玛,沃尔玛购物广场上海南浦大桥店,浦东新区临沂北路252-262号由由-沃尔玛购物广场地上一层和地上二层,上海,上海市
沃尔玛,沃尔玛购物广场上海五角场分店,上海市杨浦区淞沪路125号,上海,上海市
沃尔玛,沃尔玛购物广场上海江桥分店,上海市嘉定区江桥镇曹安公路2200号嘉莲华购物广场地上二、三层,上海,上海市
沃尔玛,沃尔玛购物广场上海松江松汇路分店,上海市松江区松汇中路568号三楼,上海,上海市
沃尔玛,沃尔玛购物广场上海高行分店,上海市浦东新区东靖路1881号万嘉商业广场地上第二、三层,上海,上海市
沃尔玛,沃尔玛购物广场上海桃浦分店,上海市普陀区桃浦镇武威路1178号白丽生活广场B1层,上海,上海市
沃尔玛,沃尔玛购物广场上海三林分店,上海市浦东新区东明路2766号三林城市商业广场地下第一层,上海,上海市
沃尔玛,沃尔玛购物广场上海顾村分店,上海市宝山区沪太路4929号,上海,上海市
沃尔玛,沃尔玛购物广场上海杨行分店,上海市宝山区水产路2599号,上海,上海市
沃尔玛,沃尔玛购物广场上海宝山一二八纪念路分店,宝山区一二八纪念路988弄2号地下一层,上海,上海市
沃尔玛,上海施湾分店,上海市浦东新区祝桥镇施镇路施镇路256弄1号,上海,上海市
沃尔玛, 沃尔玛购物广场上海上南店,上海市浦东新区齐河路258号,上海
沃尔玛, 沃尔玛购物广场上海田林分店,上海市徐汇区上海市徐汇区桂林路402号74幢,上海,上海市
沃尔玛, 沃尔玛购物广场上海甘泉店,上海市普陀区平利路18号,上海,上海市
沃尔玛, 沃尔玛购物广场上海凌云分店,上海室徐汇区老沪闵路809号,上海,上海市
沃尔玛, 沃尔玛购物广场上海祁连山店,上海市宝山区聚丰园路205号,上海,上海市
沃尔玛, 沃尔玛购物广场上海虹桥店,上海市闵行区虹中路535号,上海,上海市
沃尔玛,沃尔玛购物广场太原长风街分店,太原市小店区长风街705号和信商座地下一层沃尔玛,山西省太原市
沃尔玛,沃尔玛购物广场太原三墙路分店,山西省太原市杏花岭区三墙路东大盛世华庭2-3层,太原,山西省太原市
沃尔玛,沃尔玛购物广场大同永泰分店,山西省大同市城区永泰南路航空广场地下一层,大同,山西省大同市
沃尔玛,沃尔玛购物广场阳泉桃北东路分店,山西省阳泉市城区桃北东路,阳泉,山西省阳泉市
沃尔玛,沃尔玛购物广场运城河东东街分店,山西省运城市盐湖区河东东街与学苑路交叉口东北角,运城,山西省运城市
沃尔玛,沃尔玛购物广场孝义崇文街分店,沃尔玛（山西）商业零售有限公司孝义崇文街分店,孝义,山西省吕梁市
沃尔玛,沃尔玛购物广场晋中安宁街分店,山西省晋中市榆次区安宁街290号,晋中,山西省晋中市
沃尔玛,沃尔玛购物广场成都交大路分店,四川省成都市金牛区交大路183号,成都,四川省成都市
沃尔玛,沃尔玛购物广场成都SM广场分店,成都市成华区二环路东二段29号SM广场沃尔玛,成都,四川省成都市
沃尔玛,沃尔玛购物广场成都羊西线蜀西路分店,成都市高新西区汇川路288号,成都,四川省成都市
沃尔玛,沃尔玛购物广场成都华府大道分店,四川省成都市天府新区华府大道一段688号益州国际广场沃尔玛,成都,四川省成都市
沃尔玛,沃尔玛购物广场金堂新建路分店,成都市金堂县赵镇新建路133号,成都,四川省成都市
沃尔玛, 沃尔玛购物广场成都亚太分店,成都武侯区科华北路58号亚太广场沃尔玛,成都
沃尔玛, 沃尔玛购物广场成都府河分店,成都市青羊区北大街100号,成都,四川省成都市
沃尔玛, 沃尔玛购物广场成都武侯店,成都市武侯区高升桥东路2-6号,成都,四川省成都市
沃尔玛, 沃尔玛购物广场成都玉林店,四川省成都市一环路南三段22号,成都,四川省成都市
沃尔玛, 沃尔玛购物广场成都西城分店,成都市青羊区石人北路50号,成都,四川省成都市
沃尔玛, 沃尔玛购物广场成都双流分店,成都市双流区东升街道南昌路1-9号,成都,四川省宜宾市
沃尔玛,沃尔玛购物广场宜宾酒都路分店,四川省宜宾市翠屏区酒都路中段55号沃尔玛购物广场,宜宾,四川省达州市
沃尔玛,沃尔玛购物广场达州朝阳东路分店,四川省达州市通川区朝阳东路中心广场滨江名都城,达州,四川省德阳市
沃尔玛,沃尔玛购物广场德阳天山北路分店,德阳市天山北路6号德阳深国投商业中心地上第二层及地上第三层,德阳,四川省遂宁市
沃尔玛,沃尔玛购物广场遂宁嘉禾西路分店,四川省遂宁市船山区嘉禾西路近水楼台商业广场,遂宁,四川省乐山市
沃尔玛,沃尔玛购物广场乐山土桥街分店,四川省乐山市市中区嘉瑞财富广场鼓楼街58号,乐山,四川省凉山彝族自治州西昌市
沃尔玛,沃尔玛购物广场西昌航天大道分店,四川省凉山西昌市西昌市航天大道二段世纪MALL购物中心第二、三层,西昌,四川省成都市
沃尔玛,沃尔玛购物广场彭州金彭东路分店,四川省成都市彭州市金彭东路122号,彭州,四川省攀枝花市
沃尔玛,沃尔玛购物广场攀枝花炳草岗分店,攀枝花市攀枝花大道东段439号云锦金瓯广场地下第一层,攀枝花,四川省攀枝花市
沃尔玛,沃尔玛购物广场攀枝花清香坪分店,四川省攀枝花市西区苏铁中路88号,攀枝花,四川省绵阳市
沃尔玛,沃尔玛购物广场江油太白路分店,四川省绵阳市江油市涪江路中段614号汇元国际商业广场,江油,四川省自贡市
沃尔玛,沃尔玛购物广场自贡汇兴路分店,四川省自贡市自流井区龙汇街新汇社区居委会4组新美居家三期8栋,自贡,四川省自贡市
沃尔玛,沃尔玛购物广场自贡荣县分店,自贡市荣县旭阳镇望景路356号,自贡,四川省南充市
沃尔玛,沃尔玛购物广场阆中人民广场分店,四川省阆中市保宁街道办事处郎家拐街54号人民广场购物中心地下第一层,阆中,四川省巴中市
沃尔玛,沃尔玛购物广场巴中巴人广场分店,巴中市江北区广场街87号地下第一层,巴中,四川省眉山市
沃尔玛,沃尔玛购物广场眉山杭州路分店,眉山市三苏大道168号,眉山,四川省乐山市
沃尔玛,沃尔玛购物广场峨眉名山东路分店,四川省峨眉山市名山东路与佛光南路交汇处,峨眉山,四川省绵阳市
沃尔玛,沃尔玛购物广场绵阳跃进路分店,四川省绵阳市涪城区跃进路48-52号,绵阳,四川省绵阳市
沃尔玛,沃尔玛购物广场绵阳绵兴东路分店,四川省绵阳市绵兴东路56号中沅广场负一楼,绵阳,四川省绵阳市
沃尔玛,沃尔玛购物广场绵阳临园路分店,四川省绵阳市临园东路74号,绵阳,四川省绵阳市
沃尔玛, 沃尔玛购物广场绵阳西分店,绵阳市涪城区临园路西段72号东辰新天地沃尔玛,绵阳,四川省绵阳市
沃尔玛, 沃尔玛购物广场绵阳店,四川省绵阳市涪城区公园路1号兴达广场,绵阳,四川省德阳市
沃尔玛,沃尔玛购物广场广汉福州路分店,四川省广汉市福州路二段1号,广汉,四川省成都市
沃尔玛,沃尔玛购物广场崇州唐安东路分店,四川省成都市崇州市唐安东路368号,崇州,四川省南充市
沃尔玛, 沃尔玛购物广场南充五星店,四川省南充市顺庆区模范街2号大都会负一楼,南充,四川省成都市
沃尔玛, 沃尔玛购物广场成都都江堰分店,都江堰市建设路111号天和盛世,都江堰,天津市
沃尔玛,沃尔玛购物广场武清泉州路分店,天津市武清区泉州路东侧荔隆时代广场2-3层,天津,天津市
沃尔玛,沃尔玛购物广场天津新开路分店,天津市河东区华昌大街北侧嘉华国际商业大厦地下1-3层,天津,天津市
沃尔玛,沃尔玛购物广场天津和平路分店,深圳沃尔玛百货零售有限公司天津和平路分店,天津,云南省昆明市
沃尔玛,沃尔玛购物广场昆明霖雨路分店,云南省昆明市五华区霖雨路中汇商场三楼,昆明,云南省昆明市
沃尔玛,沃尔玛购物广场昆明兴苑路分店,昆明市西山区兴苑路张家村525号驣辉商业广场地上第二、三层,昆明,云南省昆明市
沃尔玛,沃尔玛购物广场昆明云山路分店,云南省昆明市西山区明波土堆村50号,昆明,云南省昆明市
沃尔玛,沃尔玛购物广场昆明前兴路分店,昆明市西山区拥护社区居民委员会拥护村理想城市花园地下第一层,昆明,云南省昆明市
沃尔玛,沃尔玛购物广场昆明昌源中路分店,云南省昆明市昌源中路与昆瑞路交叉路口假日城市小区,昆明,云南省昆明市
沃尔玛,沃尔玛购物广场昆明万宏路分店,云南省昆明市盘龙区万宏路20号,昆明,云南省昆明市
沃尔玛,沃尔玛购物广场宜良鱼龙街分店,云南省昆明市宜良县鱼龙街与花园街交叉口东北角愿景城市广场沃尔玛,昆明,云南省昆明市
沃尔玛,沃尔玛购物广场昆明大观店,云南省昆明市五华区小西门大观商业城北面E1-E2座1-3层,昆明,云南省昆明市
沃尔玛,沃尔玛购物广场昆明集大分店,云南省昆明市环城东路188号,昆明,云南省昆明市
沃尔玛,沃尔玛购物广场昆明国贸中心分店,云南省昆明市官渡区春城路289号国贸中心北侧沃尔玛,昆明,云南省昆明市
沃尔玛, 沃尔玛购物广场昆明喜相逢店,云南省昆明市盘龙区人民东路63号,昆明,云南省昆明市
沃尔玛, 沃尔玛购物广场昆明新迎店,昆明市盘龙区白龙路199号,昆明,云南省昆明市
沃尔玛, 沃尔玛购物广场昆明金瓦路分店,昆明市盘龙区金瓦路与东三环交叉口福缇商业中心负一层,昆明,云南省大理白族自治州大理市
沃尔玛,沃尔玛购物广场大理泰安路分店,云南省大理市下关镇洱河北路与泰安路交叉口中民城市广场沃尔玛超市,大理,云南省大理白族自治州大理市
沃尔玛,沃尔玛购物广场大理建设路分店,大理市建设路和泰安路交叉口物业的B1&1F,大理,云南省曲靖市
沃尔玛,沃尔玛购物广场曲靖交通路分店,云南省曲靖市麒麟区交通路与麒麟北路交叉口 ,曲靖,云南省曲靖市
沃尔玛,沃尔玛购物广场曲靖子午路分店,云南省曲靖市南片区子午路和文笔路交叉口,曲靖,云南省红河哈尼族彝族自治州个旧市
沃尔玛,沃尔玛购物广场个旧金湖分店,云南省个旧市五一路4号,个旧,云南省楚雄彝族自治州楚雄市
沃尔玛,沃尔玛购物广场楚雄府后街分店,云南省楚雄市府后街1-21号紫溪商业中心沃尔玛购物广场,楚雄,云南省楚雄彝族自治州楚雄市
沃尔玛,沃尔玛购物广场楚雄团结路分店,云南省楚雄楚雄市团结路与北浦路交叉口伟业广场,楚雄,云南省普洱市
沃尔玛,沃尔玛购物广场普洱林源路分店,云南省普洱市思茅区林源路创基商城沃尔玛,普洱,云南省西双版纳傣族自治州景洪市
沃尔玛,沃尔玛购物广场景洪勐海路分店,西双版纳傣族自治州景洪市勐海路4号,西双版纳景洪市,云南省文山壮族苗族自治州文山市
沃尔玛,沃尔玛购物广场文山东风路分店,云南省文山州文山市东风路光大广场负一楼,文山,云南省红河哈尼族彝族自治州弥勒县冉翁路
沃尔玛,沃尔玛购物广场弥勒髯翁路分店,云南省弥勒市弥阳镇金辰时代广场负一楼,红河州弥勒,云南省红河哈尼族彝族自治州建水县建水大道647
沃尔玛,沃尔玛购物广场建水东林路分店,云南省红河州建水县临安镇广慈路东林路旁,红河州建水,云南省昭通市
沃尔玛,沃尔玛购物广场昭通环城东路分店,云南省昭通市昭阳区环城东路与环城北路交叉口,昭通,云南省玉溪市
沃尔玛,沃尔玛购物广场云南玉溪东风广场分店,云南省玉溪市红塔区东风中路1号,玉溪,云南省曲靖市
沃尔玛,沃尔玛购物广场宣威文化路分店,云南省宣威市城双路33号泰和财富中心大厦负一层,宣威,云南省临沧市
沃尔玛,沃尔玛购物广场临沧沧江路分店,云南省临沧市临翔区沧江路恒基广场,临沧,云南省丽江市
沃尔玛,沃尔玛购物广场丽江香格里拉大道分店,云南省丽江市古城区香格里大道祥和商业广场,丽江,浙江省金华市
沃尔玛,沃尔玛购物广场金华时代广场分店,金华市八一北街108号,金华,浙江省金华市
沃尔玛,沃尔玛购物广场浦江大桥北路分店,浙江省金华市浦江县浦阳街道人民东路33号财富广场的地下第一层,金华,浙江省金华市
沃尔玛,沃尔玛购物广场武义俞源街分店,浙江省武义县俞源街与西溪路交汇处金灿财富广场,金华,浙江省杭州市
沃尔玛,沃尔玛购物广场杭州东新分店,杭州市香积寺东路58号,杭州,浙江省杭州市
沃尔玛,沃尔玛购物广场杭州古墩路分店,浙江省杭州市西湖区古墩路588号印象城3-4楼,杭州,浙江省杭州市
沃尔玛,沃尔玛购物广场富阳分店,杭州富阳区富春街道横凉亭路6号复城国际中心2号楼,杭州,浙江省杭州市
沃尔玛, 沃尔玛购物广场杭州黄龙店,浙江省杭州市西湖区灵隐街道曙光路黄龙体育中心沃尔玛超市,杭州,浙江省杭州市
沃尔玛, 沃尔玛购物广场杭州近江店,浙江省杭州市上城区秋涛支路近江路１号,杭州,浙江省嘉兴市
沃尔玛,沃尔玛购物广场嘉兴洪兴路分店,嘉兴市秀洲区洪兴路与新洲路交叉口江南摩尔广场,嘉兴,浙江省嘉兴市
沃尔玛,沃尔玛购物广场嘉兴双溪路分店,浙江省嘉兴市南湖区双溪路与广益路交汇处中港城购物中心地上一层二层,嘉兴,浙江省嘉兴市
沃尔玛, 沃尔玛购物广场嘉兴华庭店,浙江省嘉兴市南湖区建国中路华庭街地下一层 沃尔玛购物广场超市,嘉兴,浙江省宁波市
沃尔玛,沃尔玛购物广场宁波四明中路分店,宁波市鄞州区四明中路999号,宁波,浙江省宁波市
沃尔玛, 沃尔玛购物广场宁波联丰店,宁波市海曙区环城西路南段256号,宁波,浙江省宁波市
沃尔玛, 沃尔玛购物广场宁波华侨店,宁波市中兴路671-679号,宁波,浙江省杭州市
沃尔玛,沃尔玛购物广场杭州临平分店,浙江省杭州市余杭区临平藕花洲大街303号莱蒙商业中心二层及三层,余杭,浙江省嘉兴市
沃尔玛,沃尔玛购物广场桐乡振兴中路分店,桐乡市梧桐街道振兴中路2号润丰新世界广场地上第二层及地上第三层,桐乡,浙江省丽水市
沃尔玛,沃尔玛购物广场丽水解放街分店,浙江省丽水市莲都区解放街198号,丽水,浙江省湖州市
沃尔玛,沃尔玛购物广场德清永安街分店,浙江省湖州市德清县武康镇永安街158号,德清,浙江省嘉兴市
沃尔玛,沃尔玛购物广场海宁联合路分店,浙江省海宁市海州街道联合路97号,海宁,浙江省绍兴市
沃尔玛,沃尔玛购物广场绍兴柯桥笛扬路分店,绍兴市柯桥笛扬路1398号蓝天市心广场地下第一层,绍兴,浙江省宁波市
沃尔玛,沃尔玛购物广场余姚城东路分店,浙江省余姚市城东路与文山路交叉口家悦广场地上二三层,余姚,浙江省杭州市
沃尔玛,沃尔玛购物广场临安钱王街分店,浙江省临安市钱王街855号万华广场2楼,临安,浙江省温州市
沃尔玛,沃尔玛购物广场乐清伯乐东路分店,乐清市伯乐东路666号南虹广场B1001号,乐清,浙江省湖州市
沃尔玛,沃尔玛购物广场湖州二环东路分店,浙江省湖州市吴兴区二环东路1218,湖州,浙江省金华市
沃尔玛,沃尔玛购物广场兰溪丹溪大道分店,浙江省兰溪市丹溪大道157号地下一层,兰溪,浙江省温州市
沃尔玛,沃尔玛购物广场平阳鳌áo江分店,中国浙江省温州市平阳县鳌江镇车站大道1188号,温州,浙江省温州市
沃尔玛,沃尔玛购物广场苍南分店,浙江省温州市苍南县灵溪镇玉苍路1088号银泰城负一层,温州,浙江省温州市
沃尔玛, 沃尔玛购物广场温州东海店,温州市鹿城区民航路体育中心体育馆一层,温州,浙江省温州市
沃尔玛, 沃尔玛购物广场温州鸿锳分店,温州市解放南路鸿鍈大厦1-3层,温州,浙江省温州市
沃尔玛, 沃尔玛购物广场温州欧洲城店,温州市飞霞北路东侧欧洲城H幢2-3层,温州,浙江省金华市
